,Date,Open,High,Low,Close,Adj Close,Volume,Name,Change,ChangeAverage+,ChangeAverage-,RSI,OBV,OBV_Regression,OBV_Regression_err,Close_Regression,Close_Regression_err,EMA26,EMA12,MACD
0,2020-10-19,446.239990234375,447.0,428.8699951171875,430.8299865722656,430.8299865722656,36287800,TSLA,,,,,36287800,0.0,0.0,0.0,0.0,430.8299865722656,430.8299865722656,0.0
1,2020-10-20,431.75,431.75,419.04998779296875,421.94000244140625,421.94000244140625,31656300,TSLA,-8.889984130859375,,,,4631500,0.0,0.0,0.0,0.0,430.171469229239,429.4622967059796,-0.7091725232593831
2,2020-10-21,422.70001220703125,432.95001220703125,421.25,422.6400146484375,422.6400146484375,32370500,TSLA,0.70001220703125,,,,37002000,0.0,0.0,0.0,0.0,429.61358370473516,428.41271485097315,-1.2008688537620174
3,2020-10-22,441.9200134277344,445.2300109863281,424.510009765625,425.7900085449219,425.7900085449219,39993200,TSLA,3.149993896484375,,,,76995200,0.0,0.0,0.0,0.0,429.33035591511936,428.0092215731191,-1.3211343420002777
4,2020-10-23,421.8399963378906,422.8900146484375,407.3800048828125,420.6300048828125,420.6300048828125,33717000,TSLA,-5.160003662109375,,,,43278200,0.0,0.0,0.0,0.0,428.6858854682818,426.8739574669181,-1.8119280013636967
5,2020-10-26,411.6300048828125,425.760009765625,410.0,420.2799987792969,420.2799987792969,28239200,TSLA,-0.350006103515625,,,,15039000,0.0,0.0,0.0,0.0,428.06322719502367,425.85950228420717,-2.2037249108165042
6,2020-10-27,423.760009765625,430.5,420.1000061035156,424.67999267578125,424.67999267578125,22686500,TSLA,4.399993896484375,,,,-7647500,0.0,0.0,0.0,0.0,427.81261723063534,425.67803926752623,-2.134577963109109
7,2020-10-28,416.4800109863281,418.6000061035156,406.0,406.0199890136719,406.0199890136719,25451400,TSLA,-18.660003662109375,,,,17803900,0.0,0.0,0.0,0.0,426.1983484738232,422.6537238438563,-3.544624629966904
8,2020-10-29,409.9599914550781,418.05999755859375,406.4599914550781,410.8299865722656,410.8299865722656,22655300,TSLA,4.80999755859375,,,,-4851400,0.0,0.0,0.0,0.0,425.05995129593003,420.8346873405347,-4.225263955395349
9,2020-10-30,406.8999938964844,407.5899963378906,379.1099853515625,388.0400085449219,388.0400085449219,42511300,TSLA,-22.78997802734375,,,,37659900,0.0,0.0,0.0,0.0,422.31773331437387,415.78935214120963,-6.5283811731642345
10,2020-11-02,394.0,406.9800109863281,392.29998779296875,400.510009765625,400.510009765625,29021100,TSLA,12.470001220703125,,,,8638800,0.0,0.0,0.0,0.0,420.7023463848369,413.43868408342735,-7.263662301409568
11,2020-11-03,409.7300109863281,427.7699890136719,406.69000244140625,423.8999938964844,423.8999938964844,34351700,TSLA,23.389984130859375,,,,42990500,0.0,0.0,0.0,0.0,420.93920916347747,415.04811636235917,-5.891092801118305
12,2020-11-04,430.6199951171875,435.3999938964844,417.1000061035156,420.9800109863281,420.9800109863281,32143100,TSLA,-2.91998291015625,,,,10847400,0.0,0.0,0.0,0.0,420.94223152072567,415.9607155352775,-4.981515985448198
13,2020-11-05,428.29998779296875,440.0,424.0,438.0899963378906,438.0899963378906,28414500,TSLA,17.1099853515625,2.800713675362723,2.5757130214146207,52.09247392959871,-17567100,0.0,0.0,0.0,0.0,422.21243632199713,419.36522027414105,-2.8472160478560795
14,2020-11-06,436.1000061035156,436.57000732421875,424.2799987792969,429.95001220703125,429.95001220703125,21706000,TSLA,-8.139984130859375,3.1210708618164062,2.5757130214146207,54.7865414203889,-39273100,0.0,0.0,0.0,0.0,422.7855900912589,420.993649802278,-1.791940288980868
15,2020-11-09,439.5,452.5,421.0,421.260009765625,421.260009765625,34833000,TSLA,-8.69000244140625,3.1210708618164062,3.176783970424107,49.55768186079417,-4440100,-17.110869202756756,1519962.6710872343,-0.22789252144949776,0.7910649497584892,422.6725841412119,421.0346282581776,-1.6379558830343512
16,2020-11-10,420.0899963378906,420.0899963378906,396.0299987792969,410.3599853515625,410.3599853515625,30284200,TSLA,-10.9000244140625,3.1210708618164062,3.583928789411272,46.5484119935031,-34724300,-17.1562774071196,1519581.6282599021,0.16621442522321428,0.7674441764992704,421.7605397864231,419.3923755033137,-2.3681642831094223
17,2020-11-11,416.45001220703125,418.70001220703125,410.5799865722656,417.1300048828125,417.1300048828125,17357700,TSLA,6.77001953125,2.9835706438337053,3.731428963797433,44.431434373325665,-52082000,-24.57764149640588,1385017.9680983382,0.06799970354352679,0.7761475059100282,421.41753720097046,419.0443184847751,-2.3732187161953675
18,2020-11-12,415.04998779296875,423.0,409.5199890136719,411.760009765625,411.760009765625,19855100,TSLA,-5.3699951171875,3.033571515764509,3.659642900739397,45.32308883283986,-32226900,-28.92680365648115,1406697.5300443138,0.2003930228097098,0.7695386143779962,420.70216479835227,417.9236556049059,-2.778509193446382
19,2020-11-13,410.8500061035156,412.5299987792969,401.6600036621094,408.5,408.5,19771100,TSLA,-3.260009765625,3.033571515764509,3.771071297781808,44.5809074610858,-51998000,-23.754120428799126,1293585.971825583,0.30821489606584823,0.7566082210451168,419.79830073921505,416.47386243492036,-3.324438304294688
20,2020-11-16,408.92999267578125,412.45001220703125,404.0899963378906,408.0899963378906,408.0899963378906,26838600,TSLA,-0.410003662109375,2.8889290945870534,3.9021432059151784,42.54010216285583,-25159400,-23.775069641319323,1293961.5525761703,0.23721498761858256,0.7643742558265453,418.93101893170956,415.18403688153114,-3.746982050178417
21,2020-11-17,460.1700134277344,462.0,433.010009765625,441.6099853515625,441.6099853515625,61188300,TSLA,33.519989013671875,4.071428571428571,3.392857142857143,54.54545454545455,36028900,-22.801590645889053,1318786.5659002422,0.1892862592424665,0.7693066746945021,420.6109423702172,419.2495674153821,-1.361374954835071
22,2020-11-18,448.3500061035156,496.0,443.5,486.6400146484375,486.6400146484375,78044000,TSLA,45.030029296875,6.876786368233817,2.8982140677315846,70.35075254760999,114072900,-16.84101929829573,1748138.1231798164,1.1486070905412944,0.8122079531459089,425.50198476119647,429.6173285281599,4.115343766963406
23,2020-11-19,492.0,508.6099853515625,487.57000732421875,499.2699890136719,499.2699890136719,62475300,TSLA,12.629974365234375,8.936072213309151,2.2560719081333707,79.84236189550968,51597600,1.390623217961673,2769771.3078365605,2.6400714329310824,1.2075861624097364,430.9662813724909,440.3331224490079,9.366841076516948
24,2020-11-20,497.989990234375,502.5,489.05999755859375,489.6099853515625,489.6099853515625,32911900,TSLA,-9.660003662109375,9.042142595563616,1.8875013078962053,82.73044094969362,18685700,7.201843030297598,2863724.1147418865,4.296784973144531,1.4411805813929894,435.3102594450147,447.91417828017006,12.603918835155355
25,2020-11-23,503.5,526.0,501.7900085449219,521.8499755859375,521.8499755859375,50260300,TSLA,32.239990234375,8.567856924874443,1.8875013078962053,81.94704317275199,68946000,13.938430061113946,2732874.1426791498,4.744999040876116,1.4940491347713019,441.72060878878676,459.2889163272112,17.56830753842445
26,2020-11-24,540.4000244140625,559.989990234375,526.2000122070312,555.3800048828125,555.3800048828125,53648500,TSLA,33.530029296875,10.185714721679688,1.8875013078962053,84.3662094401991,122594500,23.083690027688338,2744256.2823316646,5.9927486964634475,1.6596402681635278,450.13982331427013,474.0721607203807,23.93233740611055
27,2020-11-25,550.0599975585938,574.0,545.3699951171875,574.0,574.0,48930200,TSLA,18.6199951171875,11.541429792131696,1.8875013078962053,85.94451565923751,73664300,42.481083158209245,2579322.9718356193,8.313677324567522,1.8248395392973642,459.3146512169168,489.44567445570675,30.131023238789965
28,2020-11-27,581.1599731445312,598.780029296875,578.4500122070312,585.760009765625,585.760009765625,37561100,TSLA,11.760009765625,12.306072780064174,1.8875013078962053,86.70171941049529,36103200,50.076231711877845,2318193.7310733898,10.547106279645647,1.8960321824553454,468.6809740723766,504.2632645033865,35.58229043100988
29,2020-11-30,602.2100219726562,607.7999877929688,554.510009765625,567.5999755859375,567.5999755859375,63003100,TSLA,-18.1600341796875,12.306072780064174,1.515002659388951,89.03846038590976,99106300,48.06187205791011,2405947.1428177683,13.016892242431638,1.6908032958409254,476.0083075178256,514.007373900702,37.99906638287638
30,2020-12-01,597.5900268554688,597.8499755859375,572.0499877929688,584.760009765625,584.760009765625,40103500,TSLA,17.1600341796875,12.306072780064174,0.8510731288364956,93.53147609117298,59002800,49.76064000026688,2396681.931553404,14.272713470458983,1.4126417838254184,484.0639891658107,524.8923948029978,40.82840563718713
31,2020-12-02,556.4400024414062,571.5399780273438,541.2100219726562,568.8200073242188,568.8200073242188,47775700,TSLA,-15.94000244140625,12.349645342145648,0.7035729544503349,94.60996561565348,106778500,49.01924429377645,2425476.6350082937,15.217642756870815,1.1985695223948374,490.34221273310015,531.6504890370318,41.30827630393162
32,2020-12-03,590.02001953125,598.969970703125,582.4299926757812,593.3800048828125,593.3800048828125,42552000,TSLA,24.55999755859375,12.607501438685826,0.7035729544503349,94.71437891735373,64226500,48.77674808034184,2426452.382280343,14.868714141845702,1.2949969332751718,497.974641781227,541.1473376286904,43.17269584746339
33,2020-12-04,591.010009765625,599.0399780273438,585.5,599.0399780273438,599.0399780273438,29401300,TSLA,5.65997314453125,13.686786106654576,0.3953584943498884,97.19248377607423,34825200,38.48744948089669,2506565.782097706,14.761285945347376,1.3144099757744228,505.46096298464306,550.0538976900217,44.59293470537864
34,2020-12-07,604.9199829101562,648.7899780273438,603.0499877929688,641.760009765625,641.760009765625,56309700,TSLA,42.72003173828125,15.41464342389788,0.26428658621651785,98.31438378737562,91134900,25.361192780085087,2674167.781758795,14.012464359828398,1.3952554463193687,515.5571886721232,564.1625303170376,48.60534164491446
35,2020-12-08,625.510009765625,651.280029296875,618.5,649.8800048828125,649.8800048828125,64265000,TSLA,8.1199951171875,16.04785919189453,0.26428658621651785,98.37981716316465,155399900,15.17041472872985,2327768.73703686,13.569643402099612,1.3516145180915706,525.507026909952,577.3498340963877,51.84280718643572
36,2020-12-09,653.6900024414062,654.3200073242188,588.0,604.47998046875,604.47998046875,71291200,TSLA,-45.4000244140625,13.242501395089286,1.5957162039620536,89.24590373938125,226691100,14.039574256123123,2257300.048847526,12.485036468505859,1.144955735782935,531.3568753217148,581.5237027690588,50.16682744734396
37,2020-12-10,574.3699951171875,627.75,566.3400268554688,627.0700073242188,627.0700073242188,67083200,TSLA,22.59002685546875,11.183215550013951,2.4103589739118303,82.26839475025936,159607900,26.947599133716956,2926490.0814019796,10.35960715157645,1.2228862737852397,538.4467369515299,588.5308265467756,50.0840895952457
38,2020-12-11,615.010009765625,624.0,596.7999877929688,609.989990234375,609.989990234375,46475000,TSLA,-17.08001708984375,11.273931230817523,2.4103589739118303,82.38594082812713,113132900,39.23198487611765,2664850.191942482,9.503822217668805,1.2531795937699985,543.7462371947037,591.8322363448679,48.085999150164184
39,2020-12-14,619.0,642.75,610.2000122070312,639.8300170898438,639.8300170898438,52040600,TSLA,29.84002685546875,10.9232177734375,2.4103589739118303,81.92263771691267,165173500,36.388485032598204,2726056.3169756085,8.080357578822545,1.3709146907701426,550.8635542239733,599.2165103056334,48.35295608166007
40,2020-12-15,643.280029296875,646.9000244140625,623.7999877929688,633.25,633.25,45071500,TSLA,-6.58001708984375,9.405003138950892,2.4103589739118303,79.59978754025822,120102000,34.23049895370351,2694481.327697849,6.73146493094308,1.156733612823214,556.9662539110864,604.4524317970744,47.48617788598801
41,2020-12-16,628.22998046875,632.5,605.0,622.77001953125,622.77001953125,42095800,TSLA,-10.47998046875,7.542502267020089,3.0196446010044644,71.4106929326459,78006200,31.03163916632942,2755672.1811313075,5.6027143205915175,1.057970629290495,561.8406069199873,607.2705222177168,45.42991529772951
42,2020-12-17,628.1900024414062,658.8200073242188,619.5,655.9000244140625,655.9000244140625,56270100,TSLA,33.1300048828125,7.266431535993304,3.0196446010044644,70.64337692248681,134276300,29.28119580475035,2846293.7335335384,4.772107805524553,1.0991269578574538,568.8079711788076,614.7519840940777,45.94401291527004
43,2020-12-18,668.9000244140625,695.0,628.5399780273438,695.0,695.0,222126200,TSLA,39.0999755859375,9.846073695591517,2.791072300502232,77.91374491230079,356402500,28.34803409615086,2856032.9123858367,5.061072649274553,1.1100621771934482,578.1555288692664,627.0978326949888,48.94230382572243
44,2020-12-21,666.239990234375,668.5,646.0700073242188,649.8599853515625,649.8599853515625,58045300,TSLA,-45.1400146484375,9.846073695591517,2.971073695591518,76.81954022284762,298357200,48.15701835280982,4075243.827610915,6.371037074497767,1.244171155773764,583.4669700901773,630.5997023344617,47.1327322442844
45,2020-12-22,648.0,649.8800048828125,614.22998046875,640.3400268554688,640.3400268554688,51716000,TSLA,-9.51995849609375,9.802501133510045,4.923215593610491,66.56722599760904,246641200,64.09844124792743,4181867.504783358,5.643500191824776,1.26748988028733,587.6797891098284,632.098213799232,44.41842468940354
46,2020-12-23,632.2000122070312,651.5,622.5700073242188,645.97998046875,645.97998046875,33173000,TSLA,5.63995361328125,9.494644165039062,5.061787196568081,65.2264550917429,213468200,64.71340671065637,4180171.452437302,4.874465288434709,1.3380386692916644,591.9983218030819,634.2338702099271,42.23554840684517
47,2020-12-24,642.989990234375,666.0900268554688,641.0,661.77001953125,661.77001953125,22865600,TSLA,15.7900390625,9.180716378348214,5.061787196568081,64.45998998741463,190602600,64.67430568398684,4181086.1136302645,3.5925005231584817,1.2691614485170672,597.1665957088721,638.470200874746,41.30360516587382
48,2020-12-28,674.510009765625,681.4000244140625,660.7999877929688,663.6900024414062,663.6900024414062,32278600,TSLA,1.91998291015625,8.085359845842634,5.061787196568081,61.49896870979295,222881200,54.08562638336563,4329816.72412765,3.1314296177455354,1.2352475906453633,602.0942554668377,642.3501703465398,40.25591487970212
49,2020-12-29,661.0,669.9000244140625,655.0,665.989990234375,665.989990234375,22910800,TSLA,2.29998779296875,6.420357840401786,5.061787196568081,55.91601412218457,199970400,41.140246681190895,4197787.327961668,2.6358217511858255,1.1904113592935124,606.8272728570256,645.9870657138991,39.15979285687354
50,2020-12-30,672.0,696.5999755859375,668.3599853515625,694.780029296875,694.780029296875,42846000,TSLA,28.7900390625,7.5307159423828125,3.7303575788225447,66.87387244388351,242816400,29.967931042079893,4199990.837073166,3.1873929704938613,1.1432764430541709,613.3422918525699,653.4936754958953,40.1513836433254
51,2020-12-31,699.989990234375,718.719970703125,691.1199951171875,705.6699829101562,705.6699829101562,49649900,TSLA,10.88995361328125,8.947858537946429,2.915714808872768,75.422963017677,292466300,31.048680708702985,4198187.407080506,4.604179382324219,1.053743951139278,620.1813800790578,661.5207997134739,41.33941963441612
52,2021-01-04,719.4600219726562,744.489990234375,717.1900024414062,729.77001953125,729.77001953125,48638200,TSLA,24.10003662109375,10.000714983258929,2.915714808872768,77.42631008880694,243828100,46.55883512578806,3982897.3318340275,4.835713849748884,1.0874491870407679,628.2990570755165,672.0206796854394,43.72162260992286
53,2021-01-05,723.6599731445312,740.8400268554688,719.2000122070312,735.1099853515625,735.1099853515625,32245200,TSLA,5.3399658203125,10.596429007393974,2.915714808872768,78.42152327180938,211582900,45.685822694705706,3996272.1728083137,5.953785705566406,1.1967838693153932,636.210977688557,681.7267267109968,45.51574902243976
54,2021-01-06,758.489990234375,774.0,749.0999755859375,755.97998046875,755.97998046875,44700000,TSLA,20.8699951171875,10.701784406389509,2.915714808872768,78.58847088748219,256282900,32.96753787729519,4072050.3176378817,6.350570460728235,1.2513696431598147,645.082755672275,693.1503042121897,48.0675485399147
55,2021-01-07,777.6300048828125,816.989990234375,775.2000122070312,816.0399780273438,816.0399780273438,51498900,TSLA,60.05999755859375,13.592141287667411,2.306429181780134,85.49285178681679,307781800,31.209056773564807,4075611.1396400183,7.674820164271762,1.309495665942672,657.7462536245023,712.0564078760596,54.310154251557265
56,2021-01-08,856.0,884.489990234375,838.3900146484375,880.02001953125,880.02001953125,75055500,TSLA,63.98004150390625,17.213213239397323,2.306429181780134,88.18406028136141,382837300,27.86615182026538,3991210.2086828183,9.897748020717076,1.6963028930747548,674.2109770250022,737.8969635153196,63.68598649031742
57,2021-01-11,849.4000244140625,854.4299926757812,803.6199951171875,811.1900024414062,811.1900024414062,59301600,TSLA,-68.83001708984375,14.633571079799108,2.479642595563616,85.5103626787909,323535700,24.539619466250834,3789269.7656959346,12.767927551269532,2.333689145979116,684.3575715002913,749.1728156577944,64.81524415750312
58,2021-01-12,831.0,868.0,827.3400268554688,849.4400024414062,849.4400024414062,46270700,TSLA,38.25,14.633571079799108,3.3560703822544644,81.34442874065286,277265000,16.52559438807831,3497225.415841269,13.94517822265625,2.2140583656156947,696.5858997181517,764.598536701427,68.01263698327523
59,2021-01-13,852.760009765625,860.469970703125,832.0,854.4099731445312,854.4099731445312,33312500,TSLA,4.969970703125,16.177141462053573,1.403928484235491,92.0145446862759,243952500,30.471238609462965,2788169.1039372557,16.64121398925781,1.682065347021069,708.2765718238095,778.4156807695967,70.13910894578726
60,2021-01-14,843.3900146484375,863.0,838.75,845.0,845.0,31266300,TSLA,-9.40997314453125,16.177141462053573,1.4239283970424108,91.90998951517402,212686200,33.671877611701504,2596067.5655856733,17.62021288190569,1.517592536343721,718.404233170194,788.6594221896588,70.25518901946486
61,2021-01-15,852.0,859.9000244140625,819.0999755859375,826.1599731445312,826.1599731445312,38777600,TSLA,-18.84002685546875,15.41178458077567,2.432856968470982,86.36645649756025,251463800,26.8264266088811,2928401.9465307654,17.36142796107701,1.567239894892011,726.3861398349596,794.4287377211776,68.042597886218
62,2021-01-19,837.7999877929688,850.0,833.0,844.5499877929688,844.5499877929688,25367000,TSLA,18.3900146484375,14.779283796037946,2.4489288330078125,85.78535750784117,226096800,20.676228139548,3005392.9451584294,16.06185542515346,1.8427860045438695,735.1390174614788,802.139699270684,67.00068180920516
63,2021-01-20,858.739990234375,859.5,837.280029296875,850.4500122070312,850.4500122070312,25665900,TSLA,5.9000244140625,15.496071951729911,2.4489288330078125,86.35314167781685,251762700,7.602218500234462,3042309.4925441584,15.029677254813054,1.9822931342980674,743.6805726278161,809.5720551070451,65.89148247922901
64,2021-01-21,855.0,855.719970703125,841.4199829101562,844.989990234375,844.989990234375,20521100,TSLA,-5.46002197265625,14.40142822265625,2.4489288330078125,85.46660569317353,231241600,1.5198960354714286,3010918.6604183195,13.5470707484654,2.0853428179045164,751.1849739320056,815.0209682035575,63.83599427155184
65,2021-01-22,834.3099975585938,848.0,828.6199951171875,846.6400146484375,846.6400146484375,20066500,TSLA,1.6500244140625,12.984285627092634,2.5850001743861606,83.39679669737559,211175100,-10.744774129715466,2808802.4220400075,11.32667759486607,2.1261852431489934,758.2557176887783,819.8854368873851,61.629719198606836
66,2021-01-25,855.0,900.4000244140625,838.8200073242188,880.7999877929688,880.7999877929688,41173400,TSLA,34.15997314453125,13.013571602957589,2.5850001743861606,83.42796884686095,252348500,-20.037750630387638,2753101.1726059774,9.330821881975448,2.1409188127249448,767.3330710298294,829.256906257475,61.923835227645554
67,2021-01-26,891.3800048828125,895.9000244140625,871.5999755859375,883.0900268554688,883.0900268554688,23131600,TSLA,2.2900390625,13.263929094587054,2.5850001743861606,83.6897488119484,229216900,-16.87180458049137,2773369.502876154,7.957749938964841,1.9857616340098594,775.9076603502472,837.5389248110125,61.63126446076535
68,2021-01-27,870.3499755859375,891.5,858.6599731445312,864.1599731445312,864.1599731445312,27334000,TSLA,-18.9300537109375,12.327859061104911,3.179286411830357,79.4979261826157,256550900,-22.58297656947775,2671173.411423492,6.705037144252233,1.840186239381841,782.4448687053792,841.634470708477,59.189602003097775
69,2021-01-28,820.0,848.0,801.0,835.4299926757812,835.4299926757812,26378000,TSLA,-28.72998046875,9.437502179827009,4.881430489676339,65.90925732842592,230172900,-29.197871558617948,2322684.363309541,4.584072004045758,1.5559014301238492,786.3696927031868,840.6799356265238,54.310242923337
70,2021-01-29,830.0,842.4099731445312,780.0999755859375,793.530029296875,793.530029296875,34990800,TSLA,-41.89996337890625,5.007500784737723,7.403928484235491,40.345883429040306,265163700,-33.58899121922713,2177275.8037591884,1.8802501133510041,1.249820450799402,786.9000880064231,833.4261038835009,46.52601587707784
71,2021-02-01,814.2899780273438,842.0,795.5599975585938,839.8099975585938,839.8099975585938,25391400,TSLA,46.27996826171875,5.163929530552456,7.230715070452009,41.66258651848694,239772300,-26.112247329770316,2349356.143742999,-0.43882097516741064,1.534468868719426,790.8193405658432,834.4082413719767,43.58890080613355
72,2021-02-02,844.6799926757812,880.5,842.2000122070312,872.7899780273438,872.7899780273438,24346200,TSLA,32.97998046875,7.994641985212054,6.138571602957589,56.5663423632404,215426100,-10.550460931325851,1637121.9837073218,0.3075010027204241,1.433297841062602,796.8912396370655,840.3131239343409,43.42188429727537
73,2021-02-03,877.02001953125,878.0800170898438,853.0599975585938,854.6900024414062,854.6900024414062,18343500,TSLA,-18.0999755859375,6.982500348772321,6.138571602957589,53.21592911356402,197082600,-3.707021970315052,1198978.1058230656,0.05535779680524553,1.379158386603395,801.172629474424,842.5249513969663,41.35232192254239
74,2021-02-04,855.0,856.5,833.4199829101562,849.989990234375,849.989990234375,15812700,TSLA,-4.70001220703125,6.982500348772321,6.794285365513393,50.683087431140635,181269900,-3.647890876304326,1195393.8482255805,0.22357243129185264,1.381132261732387,804.7887302714574,843.6734189104138,38.88468863895639
75,2021-02-05,845.0,864.77001953125,838.969970703125,852.22998046875,852.22998046875,18566600,TSLA,2.239990234375,6.982500348772321,5.8732147216796875,54.3143676606611,199836500,-8.749290833450269,1377519.1955218357,0.3975359235491071,1.3752557790161983,808.3028969527384,844.9898129963117,36.68691604357332
76,2021-02-08,869.6699829101562,877.77001953125,854.75,863.4199829101562,863.4199829101562,20161700,TSLA,11.19000244140625,7.4621429443359375,5.857142857142857,56.02509815884754,219998200,-14.849441934662645,1262914.363921617,0.3744284493582589,1.375131673477288,812.3856440606953,847.8252237522878,35.439579691592485
77,2021-02-09,855.1199951171875,859.7999877929688,841.75,849.4600219726562,849.4600219726562,15157700,TSLA,-13.9599609375,6.594641549246652,5.9560699462890625,52.54396574721971,204840500,-12.884008951952792,1281298.9310572622,0.06696319580078125,1.3356374843924315,815.1318942763962,848.076731170806,32.94483689440983
78,2021-02-10,843.6400146484375,844.8200073242188,800.02001953125,804.8200073242188,804.8200073242188,36216100,TSLA,-44.6400146484375,6.578927176339286,8.048926217215401,44.97534258333548,241056600,-15.741469724608818,1226351.640528189,-0.1971435546875,1.3296550381185648,814.3680507984571,841.4218505790234,27.053799780566237
79,2021-02-11,812.4400024414062,829.8800048828125,801.72998046875,811.6599731445312,811.6599731445312,21622800,TSLA,6.8399658203125,6.578927176339286,9.262856619698661,41.52895444757101,219433800,-10.257189331188272,1357775.3234675135,-1.426214381626674,1.4797665771016666,814.1674524537219,836.8431002044862,22.675647750764256
80,2021-02-12,801.260009765625,817.3300170898438,785.3300170898438,816.1199951171875,816.1199951171875,23768300,TSLA,4.46002197265625,5.703569684709821,9.262856619698661,38.10909544270958,243202100,-10.069240648470997,1360621.6534131549,-2.4773223876953123,1.494459156583402,814.3120852436082,833.6549301910557,19.342844947447475
81,2021-02-16,818.0,821.0,792.4400024414062,796.219970703125,796.219970703125,19802300,TSLA,-19.9000244140625,4.401783534458706,9.814285278320312,30.963437166974614,223399800,-9.574552890602124,1384295.5197424297,-3.250750514439174,1.461068955244481,812.9719286109797,827.8957056544509,14.923777043471205
82,2021-02-17,779.0900268554688,799.8400268554688,762.010009765625,798.1500244140625,798.1500244140625,25996500,TSLA,1.9300537109375,4.401783534458706,9.861783708844866,30.860327289621353,249396300,-6.321663351836471,1373246.4818702282,-3.436679949079241,1.483363923007288,811.8740097815785,823.3194470020835,11.445437220505028
83,2021-02-18,780.9000244140625,794.6900024414062,776.27001953125,787.3800048828125,787.3800048828125,17957100,TSLA,-10.77001953125,4.401783534458706,8.475352696010045,34.182938315458614,231439200,-2.619254482561575,1466594.056638545,-3.2068568638392856,1.4551977362183417,810.0596390483365,817.7903020606572,7.730663012320633
84,2021-02-19,795.0,796.7899780273438,777.3699951171875,781.2999877929688,781.2999877929688,18958300,TSLA,-6.08001708984375,4.401783534458706,6.5546417236328125,40.17536222599528,250397500,2.34794159087802,1375614.0520152228,-3.483785792759486,1.480929696244751,807.9292945109019,812.1764075579359,4.247113047034077
85,2021-02-22,762.6400146484375,768.5,710.2000122070312,714.5,714.5,37269700,TSLA,-66.79998779296875,4.245354788643973,9.157499040876116,31.675006253470315,287667200,6.390706966161348,1396377.1702736877,-4.4593575613839285,1.4624244048130188,801.0086060286128,797.149267933638,-3.8593380949747598
86,2021-02-23,662.1300048828125,713.6099853515625,619.0,698.8400268554688,698.8400268554688,66606900,TSLA,-15.65997314453125,1.414642333984375,12.10249764578683,10.465544753560494,354274100,19.478793948084043,1212598.542911106,-8.108749389648436,1.2524386190166423,793.4405631268984,782.0247693062274,-11.415793820670956
87,2021-02-24,711.8499755859375,745.0,694.1699829101562,742.02001953125,742.02001953125,36767000,TSLA,43.17999267578125,1.8660714285714286,12.10249764578683,13.359073636231841,317507100,36.747577157633366,1575848.9007420782,-10.545105634416853,1.2630286771219195,789.6316339716651,775.8701924177694,-13.76144155389568
88,2021-02-25,726.1500244140625,737.2100219726562,670.5800170898438,682.219970703125,682.219970703125,39023900,TSLA,-59.800048828125,1.8660714285714286,11.881785801478795,13.573543842836457,356531000,44.17090116329377,1458978.0007211813,-10.456212724958148,1.2726432433824872,781.6752144702918,761.4624660001318,-20.212748470160022
89,2021-02-26,700.0,706.7000122070312,659.510009765625,675.5,675.5,41089200,TSLA,-6.719970703125,1.8660714285714286,14.169642857142858,11.636971046770611,397620200,52.017106664417625,1520947.726480432,-11.912427629743304,1.29995998022911,773.8103837687888,748.2374712308807,-25.57291253790811
90,2021-03-01,690.1099853515625,719.0,685.0499877929688,718.4299926757812,718.4299926757812,27136200,TSLA,42.92999267578125,2.6796439034598216,14.169642857142858,15.903604357458107,370484000,59.892405108598496,1743835.7692551313,-13.054963466099329,1.241090831476421,769.7081325767142,743.651705299327,-26.05642727738723
91,2021-03-02,718.280029296875,721.1099853515625,685.0,686.4400024414062,686.4400024414062,23732200,TSLA,-31.989990234375,3.0703582763671875,14.070715767996651,17.912286408778186,346751800,63.28889674708787,1703855.5563805413,-12.437071228027342,1.3798583462502794,763.5401229370617,734.8499048596468,-28.690218077414897
92,2021-03-03,687.989990234375,700.7000122070312,651.7100219726562,653.2000122070312,653.2000122070312,30208000,TSLA,-33.239990234375,3.0703582763671875,14.307501656668526,17.668218573510103,376959800,63.63641007538797,1688974.3763899265,-11.821357291085377,1.391157925207149,755.3667814015039,722.2883829130906,-33.07839848841331
93,2021-03-04,655.7999877929688,668.4500122070312,600.0,621.4400024414062,621.4400024414062,65919500,TSLA,-31.760009765625,3.0703582763671875,15.278928484235491,16.73284807428854,442879300,63.348701996730824,1693214.256933943,-11.803427777971537,1.3898966817845797,745.4462792563115,706.7732474559083,-38.67303180040324
94,2021-03-05,626.0599975585938,627.8400268554688,539.489990234375,597.9500122070312,597.9500122070312,89396500,TSLA,-23.489990234375,2.6667872837611606,17.252142769949778,13.38820547373895,532275800,73.12200222276758,1640293.5521880754,-13.153998892647879,1.370826580355846,734.5206298452538,690.0312112637733,-44.489418581480436
95,2021-03-08,600.5499877929688,620.1300048828125,558.7899780273438,563.0,563.0,51787000,TSLA,-34.95001220703125,2.6667872837611606,18.787857055664062,12.429883439552768,480488800,87.2559495798308,2155294.1390001797,-14.241463579450334,1.4039639419989272,721.8153980048646,670.4879479924236,-51.32745001244098
96,2021-03-09,608.1799926757812,678.0900268554688,595.2100219726562,673.5800170898438,673.5800170898438,67523300,TSLA,110.58001708984375,5.36785888671875,18.146072387695312,22.828419561469133,548012100,92.95939657927873,2039092.912616126,-15.31199951171875,1.522051270743639,718.2424068259742,670.9636509304883,-47.278755895485915
97,2021-03-10,700.2999877929688,717.8499755859375,655.0599975585938,668.0599975585938,668.0599975585938,60605700,TSLA,-5.52001953125,9.120001656668526,17.830359322684153,33.83999814939614,487406400,100.0,2135601.8579425644,-13.282607160295758,2.0561612068887904,714.5251913246867,670.5169350271199,-44.008256297566845
98,2021-03-11,699.4000244140625,702.5,677.1799926757812,699.5999755859375,699.5999755859375,36253900,TSLA,31.53997802734375,10.049285888671875,17.228572300502233,36.840450665075245,451152500,97.64273143119975,2211821.9079453475,-10.898071071079798,2.3412768355113878,713.419619788483,674.9912489592457,-38.42837082923734
99,2021-03-12,670.0,694.8800048828125,666.1400146484375,693.72998046875,693.72998046875,33583800,TSLA,-5.8699951171875,10.966070992606026,14.625714983258929,42.84996366782641,417568700,84.24452764590623,2570270.3654833557,-7.568143136160713,2.6858343045518063,711.9611279870213,677.8741307299387,-34.08699725708266
100,2021-03-15,694.0900268554688,713.1799926757812,684.0399780273438,707.9400024414062,707.9400024414062,29335600,TSLA,14.21002197265625,11.263929094587054,11.680716378348214,49.09175479688107,388233100,65.57933529505672,3019396.8696441716,-4.245179748535156,2.6923608816661657,711.6632668354943,682.4996494547798,-29.163617380714413
101,2021-03-16,703.3499755859375,707.9199829101562,671.0,676.8800048828125,676.8800048828125,32195700,TSLA,-31.05999755859375,10.281071254185267,12.282501220703125,45.56490895059879,420428800,45.62207849965484,3478252.026894765,-2.162786865234375,2.8522190771332716,709.0867289130733,681.6350887514003,-27.451640161673026
102,2021-03-17,656.8699951171875,703.72998046875,651.010009765625,701.8099975585938,701.8099975585938,40372500,TSLA,24.92999267578125,10.281071254185267,11.90785653250558,46.33424090168053,460801300,37.091745770490036,3633409.9046199545,-1.2808931623186384,2.8583450028195316,708.5477117757044,684.738920875584,-23.80879090012047
103,2021-03-18,684.2899780273438,689.22998046875,652.0,653.1599731445312,653.1599731445312,33224800,TSLA,-48.6500244140625,10.281071254185267,10.379285539899554,49.7623122226466,427576500,27.21165616478143,3504537.883691858,1.536393083844866,2.6368328129841117,704.4449163215435,679.8806212246527,-24.56429509689076
104,2021-03-19,646.5999755859375,657.22998046875,624.6199951171875,654.8699951171875,654.8699951171875,42894000,TSLA,1.71002197265625,8.987856183733259,12.055714198521205,42.710699850214105,470470500,16.22517639073616,3491020.162073757,1.572463117327009,2.633156029664511,700.7726999360356,676.032832592735,-24.739867343300602
105,2021-03-22,684.5900268554688,699.6199951171875,668.75,670.0,670.0,39512200,TSLA,15.1300048828125,9.198571341378349,12.055714198521205,43.278666432284226,430958300,14.932743593106345,3481322.0796202603,1.5630702427455356,2.633963482311973,698.4932406815144,675.104704501545,-23.38853617996938
106,2021-03-23,675.77001953125,677.7999877929688,657.510009765625,662.1599731445312,662.1599731445312,30491900,TSLA,-7.84002685546875,9.458927699497767,9.726072038922991,49.303767675090896,400466400,3.7968514707956142,3373089.4007001114,3.232177298409598,2.3437177343491853,695.8018875306268,673.1132073696967,-22.688680160930062
107,2021-03-24,667.9099731445312,668.02001953125,630.1099853515625,630.27001953125,630.27001953125,33795200,TSLA,-31.88995361328125,9.458927699497767,8.823571341378349,51.73760807179283,434261600,-15.397202073424724,2912138.7732064812,3.96424822126116,2.2148261314978757,690.9476750862286,666.5219477022434,-24.42572738398519
108,2021-03-25,613.0,645.5,609.5,640.3900146484375,640.3900146484375,39224900,TSLA,10.1199951171875,9.458927699497767,7.627855573381696,55.358153424414276,473486500,-27.215231969655495,2327276.403534237,3.0360706874302457,2.371403321204623,687.2026632019479,662.5016503093502,-24.701012892597646
109,2021-03-26,641.8699951171875,643.8200073242188,599.8900146484375,618.7100219726562,618.7100219726562,33852800,TSLA,-21.67999267578125,9.458927699497767,5.953569684709821,61.371804086661875,439633700,-26.095233587629007,2383806.6342274765,1.5353570120675222,2.4206610135999362,682.1291342220004,655.7644767190897,-26.364657502910745
110,2021-03-29,615.6400146484375,616.47998046875,596.02001953125,611.2899780273438,611.2899780273438,28637000,TSLA,-7.4200439453125,6.757856096540179,6.992856706891741,49.14549662366262,410996700,-17.19820363239225,2279633.6603129264,-1.2461776733398435,2.308510465244957,676.8817893186924,648.9222461511288,-27.959543167563652
111,2021-03-30,601.75,637.6599731445312,591.010009765625,635.6199951171875,635.6199951171875,39432400,TSLA,24.33001708984375,3.6096409388950894,6.992856706891741,34.04519443896761,450429100,-17.372961104903542,2280942.102595715,-5.285928126743861,1.1395409084884418,673.825360118581,646.8757459920608,-26.949614126520146
112,2021-03-31,646.6199951171875,672.0,641.1099853515625,667.9299926757812,667.9299926757812,33337300,TSLA,32.30999755859375,4.703214372907366,6.992856706891741,40.21191681222366,417091800,-2.158460420357582,1743128.2083804728,-5.730463300432477,1.0463843897998868,673.3886662339291,650.1148608664794,-23.273805367449768
113,2021-04-01,688.3699951171875,692.4199829101562,659.4199829101562,661.75,661.75,35298400,TSLA,-6.17999267578125,4.719643729073661,6.992856706891741,40.29578273979073,452390200,2.272613386548538,1542726.8929501781,-5.389391871861049,1.1773737576660044,672.5265428091936,651.9048822716363,-20.621660537557318
114,2021-04-05,707.7100219726562,708.1599731445312,684.7000122070312,691.0499877929688,691.0499877929688,41842800,TSLA,29.29998779296875,5.247499738420759,6.992856706891741,42.87048144280401,494233000,7.179283141821008,1497358.6048896017,-4.301213727678571,1.3322668056894147,673.8986498450288,657.9272061979951,-15.971443647033652
115,2021-04-06,690.2999877929688,696.5499877929688,681.3699951171875,691.6199951171875,691.6199951171875,28271800,TSLA,0.57000732421875,6.3142852783203125,6.391071864536831,49.69781807251405,465961200,12.485433547054571,1661492.860282979,-2.513071550641741,1.6318960844133756,675.2113420874109,663.1107121855632,-12.100629901847697
116,2021-04-07,687.0,691.3800048828125,667.8400268554688,670.969970703125,670.969970703125,26309400,TSLA,-20.6500244140625,6.3142852783203125,6.889286586216518,47.82255395056929,439651800,8.94326174148022,1557821.5910080813,-0.2951071602957589,1.6646147740409805,674.8971664293157,664.3198288805727,-10.577337548743003
117,2021-04-08,677.3800048828125,689.5499877929688,671.6500244140625,683.7999877929688,683.7999877929688,23924300,TSLA,12.83001708984375,6.3142852783203125,6.321428571428571,49.97173371764667,415727500,5.325885095107028,1564597.880193006,0.5774638584681919,1.6428934205399697,675.5566346784751,667.3167764055568,-8.239858272918354
118,2021-04-09,677.77001953125,680.969970703125,669.4299926757812,677.02001953125,677.02001953125,21437100,TSLA,-6.77996826171875,6.530358450753348,4.644999912806919,58.4353381637141,394290400,4.076513119728858,1613959.376790855,2.504178074428013,1.3734895308148167,675.6650335564585,668.8095830402788,-6.855450516179758
119,2021-04-12,685.7000122070312,704.7999877929688,682.0900268554688,701.97998046875,701.97998046875,29135700,TSLA,24.9599609375,6.578214372907366,4.644999912806919,58.61257038708234,423426100,-3.615289891439398,1776556.72854527,2.9357138497488835,1.3459200234197624,677.6142888832949,673.9127211061974,-3.701567777097466
120,2021-04-13,712.7000122070312,763.0,710.6599731445312,762.3200073242188,762.3200073242188,44652800,TSLA,60.34002685546875,9.364286150251116,4.644999912806919,66.84342162834685,468078900,-1.2227671531081805,1719443.7108738457,3.9548919677734373,1.328056707789681,683.8887865455855,687.513842062816,3.625055517230521
121,2021-04-14,770.7000122070312,780.7899780273438,728.030029296875,732.22998046875,732.22998046875,49017400,TSLA,-30.09002685546875,10.444643293108259,3.226072038922991,76.40158572123784,517096300,1.9258593520919571,1787650.5153264226,6.7466066632952,1.4522441133250201,687.4696157250792,694.3932479714213,6.923632246342095
122,2021-04-15,743.0999755859375,743.6900024414062,721.3099975585938,738.8499755859375,738.8499755859375,27848900,TSLA,6.6199951171875,10.444643293108259,3.2867889404296875,76.06375733769444,489247400,6.152891616833013,2030773.684404215,8.23235560825893,1.2103098695214909,691.275568307365,701.2327445275007,9.957176220135693
123,2021-04-16,728.6500244140625,749.4099731445312,724.5999755859375,739.780029296875,739.780029296875,27979500,TSLA,0.9300537109375,10.714287894112724,2.873931884765625,78.84982778073041,517226900,9.663883724416575,2085798.6422157306,8.722212873186383,1.1711123981694638,694.868491343625,707.1630960304814,12.29460468685636
124,2021-04-19,719.5999755859375,725.4000244140625,691.7999877929688,714.6300048828125,714.6300048828125,39686200,TSLA,-25.1500244140625,10.714287894112724,2.699643816266741,79.87432861181331,556913100,21.074831344678472,2064661.8459468866,9.136678641183034,1.1066288801450492,696.3323071613426,708.3118512385323,11.979544077189757
125,2021-04-20,717.4199829101562,737.25,710.6900024414062,718.989990234375,718.989990234375,35609000,TSLA,4.3599853515625,10.110360281808036,3.442145211356027,74.60141069050104,521304100,31.84707905392195,2252430.885226784,7.948001098632814,1.2717626090242677,698.0106540556413,709.9546418532773,11.943987797635941
126,2021-04-21,704.77001953125,744.8400268554688,698.0,744.1199951171875,744.1199951171875,31215500,TSLA,25.1300048828125,9.140716552734375,3.442145211356027,72.64417843976167,490088600,32.27002309990799,2254698.761348342,6.313750566755022,1.2668973817118907,701.4261608009411,715.210850047725,13.784689246783842
127,2021-04-22,741.5,753.77001953125,718.0399780273438,719.6900024414062,719.6900024414062,35590300,TSLA,-24.42999267578125,8.23250252859933,3.442145211356027,70.51606791033518,525678900,32.46089254452676,2249326.7305134335,5.618250601632254,1.2121981597208678,702.7790379594942,715.8999504159837,13.120912456489464
128,2021-04-23,719.7999877929688,737.3599853515625,715.4600219726562,729.4000244140625,729.4000244140625,28370000,TSLA,9.71002197265625,7.406788417271206,3.967858450753348,65.11664496673336,497308900,31.657455407211195,2245655.928708644,4.847643607003348,1.2964267892792722,704.7509628820548,717.9768848772266,13.225921995171802
129,2021-04-26,741.0,749.2999877929688,732.6099853515625,738.2000122070312,738.2000122070312,31038500,TSLA,8.79998779296875,7.001074654715402,3.967858450753348,63.826395761543075,528347400,30.423290158877627,2274886.196099292,3.958358764648437,1.2907685163824842,707.2286702394604,721.088135235658,13.85946499619763
130,2021-04-27,717.9600219726562,724.0,703.3499755859375,704.739990234375,704.739990234375,29437000,TSLA,-33.46002197265625,7.001074654715402,4.131430489676339,62.88858225448345,498910400,37.999942870522716,2008769.0144492618,3.8846088954380575,1.2941840456483833,707.044323572417,718.5730360046914,11.528712432274347
131,2021-04-28,696.4099731445312,708.5,693.5999755859375,694.4000244140625,694.4000244140625,22271000,TSLA,-10.3399658203125,7.001074654715402,5.416429792131696,56.38068973265421,476639400,37.47373486181792,2031667.8668501622,2.822251456124442,1.442234560891631,706.1077088199463,714.8541111445946,8.74640232464833
132,2021-04-29,699.510009765625,702.25,668.5,677.0,677.0,28845400,TSLA,-17.4000244140625,6.785001482282366,6.407143729073661,51.43213157206395,505484800,30.009259562359023,2276560.320350954,0.8645370483398438,1.4713231098318564,703.951582240691,709.030401737734,5.078819497043014
133,2021-04-30,667.5900268554688,715.469970703125,666.1400146484375,709.4400024414062,709.4400024414062,40758700,TSLA,32.44000244140625,6.672858101981027,6.407143729073661,51.01572758299048,546243500,22.084964946339653,2241625.554742672,-1.2452848161969865,1.500048301108368,704.3581318851884,709.0934172306066,4.7352853454182195
134,2021-05-03,703.7999877929688,706.0,680.5,684.9000244140625,684.9000244140625,27043100,TSLA,-24.53997802734375,3.908573695591518,6.407143729073661,37.88949943748949,519200400,14.578660722421004,1874754.105711316,-2.7135343279157365,1.1466539824534736,702.9167905910309,705.3713567972922,2.4545662062612337
135,2021-05-04,678.9400024414062,683.4500122070312,657.7000122070312,673.5999755859375,673.5999755859375,29739300,TSLA,-11.300048828125,2.828216552734375,7.687144688197544,26.89604748646491,548939700,5.192900946590958,1490882.4699691343,-4.19792720249721,0.8863808891275362,700.7451746647276,700.4834519955454,-0.2617226691822907
136,2021-05-05,681.0599975585938,685.2999877929688,667.3400268554688,670.9400024414062,670.9400024414062,21901900,TSLA,-2.65997314453125,2.828216552734375,7.347501482282366,27.79377870929501,527037800,3.9669124415699932,1431863.7262857652,-4.1798206874302455,0.8836649115812295,698.5373841296667,695.9383059102931,-2.5990782193736095
137,2021-05-06,680.760009765625,681.02001953125,650.0,663.5399780273438,663.5399780273438,27784600,TSLA,-7.4000244140625,2.5585719517299106,7.706787109375,24.924329840777332,554822400,5.48559047936566,1426677.3289866308,-4.771071297781808,0.8633880353068871,695.9449836776429,690.9539477744547,-4.991035903188163
138,2021-05-07,665.7999877929688,690.0,660.219970703125,672.3699951171875,672.3699951171875,23469200,TSLA,8.83001708984375,2.609643118722098,6.841788155691964,27.611089188011704,531353200,6.3398342786454815,1456252.6115946032,-5.139287022181919,0.8655337452075209,694.1986882287202,688.0948781348751,-6.103810093845141
139,2021-05-10,664.9000244140625,665.0499877929688,627.6099853515625,629.0399780273438,629.0399780273438,31392400,TSLA,-43.33001708984375,2.609643118722098,7.331429617745536,26.251121864835923,562745600,7.089420628564642,1452680.0127405399,-4.991215079171317,0.8730188324888475,689.3721171026924,679.0095088875626,-10.362608215129853
140,2021-05-11,599.239990234375,627.0999755859375,595.5999755859375,617.2000122070312,617.2000122070312,46503900,TSLA,-11.8399658203125,1.556429181780134,9.301786150251116,14.334116005129658,609249500,16.92812090098607,1209659.3303326864,-6.4042155674525665,0.8740499030122975,684.0260352585693,669.5003555520962,-14.52567970647317
141,2021-05-12,602.489990234375,620.4099731445312,586.77001953125,589.8900146484375,589.8900146484375,33823600,TSLA,-27.30999755859375,1.5314287458147322,10.699999128069196,12.520441289480019,575425900,27.37187237830778,1376939.3715408724,-7.682965523856024,0.844563177216802,677.0529966948559,657.2526107976871,-19.80038589716878
142,2021-05-13,601.5399780273438,606.4600219726562,559.6500244140625,571.6900024414062,571.6900024414062,44184900,TSLA,-18.20001220703125,1.5314287458147322,11.799643380301339,11.487663792731311,619610800,27.83473929532945,1377020.9318767025,-8.562929643903457,1.0027847959725744,669.2483304538596,644.0891325890285,-25.15919786483107
143,2021-05-14,583.4099731445312,592.8699951171875,570.4600219726562,589.739990234375,589.739990234375,33370900,TSLA,18.04998779296875,0.8703569684709821,11.805001395089286,6.866527505629563,586239900,37.135984627583575,1331942.037443236,-10.045072501046317,1.0648368273056104,663.3588237709348,635.7277260729279,-27.631097698006897
144,2021-05-17,575.5499877929688,589.72998046875,561.2000122070312,576.8300170898438,576.8300170898438,32390400,TSLA,-12.90997314453125,1.0539289202008928,10.924285888671875,8.798714474716235,553849500,36.80291699497004,1338529.6917543586,-10.269965035574776,1.0509887903999888,656.9492825352984,626.6665400755304,-30.282742459767974
145,2021-05-18,568.0,596.25,563.3800048828125,577.8699951171875,577.8699951171875,36830600,TSLA,1.03997802734375,1.0539289202008928,9.783929007393974,9.724513157876217,590680100,35.29953255994477,1436359.2265676057,-10.06739283970424,1.0422146057106667,651.0915575413642,619.1593793127084,-31.932178228655744
146,2021-05-19,552.5499877929688,566.2100219726562,546.97998046875,563.4600219726562,563.4600219726562,39578400,TSLA,-14.40997314453125,1.0539289202008928,9.270714896065849,10.207896165293377,630258500,33.74082740024251,1453035.8762170698,-10.218500409807476,1.0232501092040003,644.6003326844228,610.5902474142389,-34.010085270183936
147,2021-05-20,575.0,588.8499755859375,571.0700073242188,586.780029296875,586.780029296875,30821100,TSLA,23.32000732421875,0.8350023542131696,9.270714896065849,8.262672836904429,599437400,32.30567863529216,1398065.074564147,-10.572177777971541,0.9779520700646249,640.3173472483081,606.9271369346445,-33.3902103136636
148,2021-05-21,596.1099853515625,596.6799926757812,580.0,580.8800048828125,580.8800048828125,26030600,TSLA,-5.9000244140625,1.1750008719308036,9.270714896065849,11.248639136159,573406800,28.4622722005531,1397276.4756435761,-10.372355651855468,1.0456697627709417,635.9145811471602,602.9198858497473,-32.99469529741293
149,2021-05-24,581.5999755859375,614.47998046875,573.6500244140625,606.4400024414062,606.4400024414062,34558100,TSLA,25.55999755859375,1.8771427699497767,7.990713936941964,19.02280125975861,607964900,25.48593415973694,1517823.253235369,-9.070962742396762,1.1505956900548022,633.7312790208081,603.461442248464,-30.269836772344092
150,2021-05-25,607.3099975585938,613.989990234375,595.7100219726562,604.6900024414062,604.6900024414062,28005900,TSLA,-1.75,2.7274998256138394,7.4921417236328125,26.688801289854425,579959000,22.48177156146051,1486588.9439186095,-7.372569274902341,1.4510059623475025,631.5800733482598,603.6504515089166,-27.929621839343213
151,2021-05-26,607.5599975585938,626.1699829101562,601.5,619.1300048828125,619.1300048828125,28639300,TSLA,14.44000244140625,3.1807141985212053,7.132856096540179,30.8400884225735,608598300,18.662864081397966,1571902.1238455407,-5.760569981166294,1.6107811149250615,630.657846054523,606.0319212587467,-24.625924795776314
152,2021-05-27,620.239990234375,631.1300048828125,616.2100219726562,630.8499755859375,630.8499755859375,26370600,TSLA,11.719970703125,4.063927786690848,7.132856096540179,36.295491893678765,582227700,14.743886190297177,1490811.9175878959,-3.617462812151227,1.7325736988937102,630.6720778716648,609.8500834629299,-20.821994408734895
153,2021-05-28,628.5,635.5900268554688,622.3800048828125,625.219970703125,625.219970703125,22737000,TSLA,-5.6300048828125,4.281426565987723,5.900713239397321,42.04839697568676,559490700,10.06252341735189,1526259.4480836387,-1.2077499389648436,1.7573536137415808,630.2682180814026,612.214681499883,-18.053536581519552
154,2021-06-01,627.7999877929688,633.7999877929688,620.5499877929688,623.9000244140625,623.9000244140625,18084900,TSLA,-1.3199462890625,4.281426565987723,4.178569248744419,50.60790406695113,541405800,-1.1226672043231585,1411011.48399623,1.4302490234374998,1.3294478704638455,629.79650003197,614.012426563603,-15.784073468367069
155,2021-06-02,620.1300048828125,623.3599853515625,599.1400146484375,605.1199951171875,605.1199951171875,23302800,TSLA,-18.780029296875,4.281426565987723,3.4982125418526784,55.03374265360017,564708600,-10.632765256437336,1433687.9613957813,2.9656417846679686,1.0804182258217188,627.9686107790232,612.6443601872314,-15.324250591791724
156,2021-06-03,601.7999877929688,604.5499877929688,571.219970703125,572.8400268554688,572.8400268554688,30111900,TSLA,-32.27996826171875,4.281426565987723,3.6964263916015625,53.66640108244696,594820500,-10.473758353014158,1432284.0574690702,3.711606052943638,0.8317015124909772,623.8850119698709,606.5206165977295,-17.364395372141416
157,2021-06-04,579.7100219726562,600.6099853515625,577.2000122070312,599.0499877929688,599.0499877929688,24036900,TSLA,26.2099609375,4.281426565987723,3.9078543526785716,52.28086090231468,570783600,-10.57997609041025,1428225.0298562,2.9134283883231027,1.1126867479070912,622.0453805493597,605.3712890893048,-16.67409146005491
158,2021-06-07,591.8300170898438,610.0,582.8800048828125,605.1300048828125,605.1300048828125,22543700,TSLA,6.08001708984375,5.251068115234375,3.9078543526785716,57.33281544451093,548239900,-7.804937793852799,1385635.0490662777,2.3113922119140624,1.145030654862952,620.7923897592451,605.3341684421522,-15.45822131709292
159,2021-06-08,623.010009765625,623.0900268554688,595.5,603.5900268554688,603.5900268554688,26053400,TSLA,-1.53997802734375,5.413212367466518,3.4839259556361606,60.84217386404284,574293300,-11.562014082346654,1408718.4112791065,2.2793561662946424,1.1477593222574878,619.5181406552617,605.0658389672778,-14.45230168798389
160,2021-06-09,602.1699829101562,611.7899780273438,597.6300048828125,598.780029296875,598.780029296875,16584600,TSLA,-4.80999755859375,5.413212367466518,3.233210972377232,62.6063767028592,557708700,-15.992366820728602,1181861.3377798344,1.7849999564034598,1.1559526571240148,617.9819842583441,604.0987913256774,-13.883192932666702
161,2021-06-10,603.8800048828125,616.5900268554688,600.5,610.1199951171875,610.1199951171875,23919600,TSLA,11.3399658203125,5.328210013253348,3.233210972377232,62.235112864980856,581628300,-17.67555620793434,1153090.829111886,1.1045360020228794,1.1582491279236558,617.3996146923325,605.0251303705252,-12.374484321807358
162,2021-06-11,610.22998046875,612.5599975585938,601.52001953125,609.8900146484375,609.8900146484375,16205300,TSLA,-0.22998046875,5.102852957589286,3.233210972377232,61.21417734388443,565423000,-10.375173516887145,1116562.2341812772,0.2211789812360491,1.0044308711059289,616.8433480224144,605.7735741055886,-11.069773916825739
163,2021-06-14,612.22998046875,625.489990234375,609.1799926757812,617.6900024414062,617.6900024414062,20424000,TSLA,7.79998779296875,4.671068464006696,3.233210972377232,59.09543686557252,585847000,-8.484988812839038,1107713.1997850977,-0.16828438895089284,0.9582031531415502,616.9060631645618,607.6068707726375,-9.299192391924294
164,2021-06-15,616.6900024414062,616.7899780273438,598.22998046875,599.3599853515625,599.3599853515625,17764100,TSLA,-18.33001708984375,3.820711408342634,3.609283447265625,51.422800184830685,568082900,-7.1379928468612395,1153580.7509731008,-0.6138558523995535,0.8503677351797452,615.6063536969323,606.3381191693952,-9.26823452753706
165,2021-06-16,597.5399780273438,608.5,593.5,604.8699951171875,604.8699951171875,22144100,TSLA,5.510009765625,3.367497035435268,4.067140851702009,45.294701457637906,590227000,-3.364107842938974,1068763.305818208,-0.9188563755580356,0.8422073498995541,614.8110678762104,606.1122539305941,-8.69881394561628
166,2021-06-17,601.8900146484375,621.469970703125,601.3400268554688,616.5999755859375,616.5999755859375,22701400,TSLA,11.72998046875,3.048926217215402,4.067140851702009,42.84566443355971,612928400,-0.09682125889320742,1117914.133166233,-1.1108208792550223,0.8240070441919847,614.9435795584124,607.7257495698776,-7.2178299885347315
167,2021-06-18,613.3699951171875,628.3499755859375,611.7999877929688,623.3099975585938,623.3099975585938,24560900,TSLA,6.71002197265625,3.4899989536830356,4.067140851702009,46.181479283950026,637489300,9.734034135488185,1015658.7091968777,-0.597607203892299,0.8562216412595604,615.5633142250924,610.1233261835263,-5.439988041566153
168,2021-06-21,624.47998046875,631.3900146484375,608.8800048828125,620.8300170898438,620.8300170898438,24812700,TSLA,-2.47998046875,3.6410718645368303,3.8189283098493303,48.80793270003419,662302000,18.8113538094554,1116673.471027474,0.42724914550781246,0.8168784288083512,615.9534403632222,611.7705093998828,-4.182930963339345
169,2021-06-22,618.25,628.5700073242188,615.5,623.7100219726562,623.7100219726562,19158900,TSLA,2.8800048828125,3.655358450753348,3.101072038922991,54.10191751900129,643143100,26.785895607764854,1339271.3138749963,1.2561771937779016,0.722928945135787,616.5280019639209,613.6073574880018,-2.9206444759191754
170,2021-06-23,632.0,657.2000122070312,630.0399780273438,656.5700073242188,656.5700073242188,31099200,TSLA,32.8599853515625,4.931786673409598,1.2775006975446428,79.4259691777107,674242300,28.130033362363726,1357218.591298795,2.135071018763951,0.5400376530296898,619.4940764350541,620.2169959243429,0.7229194892887563
171,2021-06-24,674.989990234375,697.6199951171875,667.6099853515625,679.8200073242188,679.8200073242188,45982400,TSLA,23.25,6.9357147216796875,1.0607147216796875,86.73514561476489,720224700,34.728058823067435,1420470.8611394402,3.2995707920619415,0.647549217046857,623.9626639083256,629.3866899858623,5.424026077536723
172,2021-06-25,689.5800170898438,693.8099975585938,668.7000122070312,671.8699951171875,671.8699951171875,32496700,TSLA,-7.95001220703125,6.328929356166294,1.0607147216796875,85.64592948583693,687728000,49.2011655386375,1377039.6878616903,3.939285714285714,0.8746536592891339,627.511355108982,635.9225830829893,8.41122797400726
173,2021-06-28,671.6400146484375,694.7000122070312,670.3200073242188,688.719970703125,688.719970703125,21628200,TSLA,16.8499755859375,6.484640938895089,1.0607147216796875,85.94215078260623,666099800,54.20175490356134,1203573.6214539066,4.747034999302455,0.9102656336384727,632.045326634474,644.0452581014716,11.999931466997623
174,2021-06-29,684.6500244140625,687.510009765625,675.8900146484375,680.760009765625,680.760009765625,17381300,TSLA,-7.9599609375,6.802141462053571,0.8339298793247768,89.07907165814603,648718500,51.406266061149815,1308998.8982856115,5.889676993233817,0.9344991544151345,635.653821681226,649.6936814344183,14.039859753192331
175,2021-06-30,679.77001953125,692.8099975585938,678.1400146484375,679.7000122070312,679.7000122070312,18924900,TSLA,-1.05999755859375,6.568928309849331,1.1560712541852678,85.03467547664849,667643400,48.07037892898076,1506174.0806570055,6.490784999302455,0.8812472435900208,638.9165024609152,654.3100400148203,15.393537553905048
176,2021-07-01,683.9199829101562,687.989990234375,672.7999877929688,677.9199829101562,677.9199829101562,18634500,TSLA,-1.780029296875,6.172143118722098,1.2575007847377233,83.07454837570165,649008900,43.43782467630626,1603944.227570666,6.652357482910156,0.8644894446152639,641.805649160859,657.942338921795,16.13668976093595
177,2021-07-02,678.97998046875,700.0,673.260009765625,678.9000244140625,678.9000244140625,27054500,TSLA,0.98004150390625,5.901785714285714,1.28607177734375,82.10771737139433,676063400,37.95355123294378,1801195.002348595,6.804428318568638,0.8340716369712717,644.5533806610963,661.1665982282976,16.613217567201332
178,2021-07-06,681.7100219726562,684.0,651.4000244140625,659.5800170898438,659.5800170898438,23284500,TSLA,-19.32000732421875,5.901785714285714,1.5649980817522322,79.04053305276285,652778900,32.336505617836195,1793682.951185409,6.732286507742745,0.8483714544026743,645.6664648410035,660.9225088223816,15.25604398137807
179,2021-07-07,664.27001953125,665.7000122070312,638.3200073242188,644.6500244140625,644.6500244140625,18792000,TSLA,-14.92999267578125,5.901785714285714,2.330354963030134,71.69199295328413,633986900,24.804025737733017,1885009.8316519347,6.153536987304687,1.0221281595871674,645.5911729575264,658.4190496826402,12.82787672511381
180,2021-07-08,628.3699951171875,654.4299926757812,620.4600219726562,652.8099975585938,652.8099975585938,22773300,TSLA,8.15997314453125,5.28607177734375,2.572141374860491,67.26811394599291,656760200,11.35376775505271,1806956.2149323013,4.528215680803571,1.274851297841879,646.1259007057537,657.5561185866331,11.430217880879468
181,2021-07-09,653.1799926757812,658.9099731445312,644.6900024414062,656.9500122070312,656.9500122070312,18140500,TSLA,4.1400146484375,5.066785539899554,2.572141374860491,66.32849870718671,638619700,2.6062995743297934,1560451.096718686,3.1025724138532365,1.327063422435698,646.9276867428854,657.4628714513098,10.535184708424367
182,2021-07-12,662.2000122070312,687.239990234375,662.1599731445312,685.7000122070312,685.7000122070312,25927000,TSLA,28.75,6.090356009347098,2.572141374860491,70.30716130951213,664546700,-6.348028397103244,1356883.4608656287,1.9443575177873884,1.3158352972458232,649.7997108513407,661.8070469521899,12.007336100849216
183,2021-07-13,686.3200073242188,693.280029296875,666.2999877929688,668.5399780273438,668.5399780273438,20966100,TSLA,-17.1600341796875,6.489996773856027,2.572141374860491,71.61661704280257,643580600,-9.181355093131124,1239562.22225123,1.552500261579241,1.259396415789063,651.1878787903039,662.8428825022136,11.655003711909671
184,2021-07-14,670.75,678.6099853515625,652.8400268554688,653.3800048828125,653.3800048828125,21641200,TSLA,-15.15997314453125,5.213568551199777,3.7264273507254466,58.317348334321245,665221800,-11.58583714387642,1212076.0400550629,0.43796408517020086,1.1006133085453995,651.3502585008601,661.3870551761519,10.036796675291725
185,2021-07-15,658.3900146484375,666.1400146484375,637.8800048828125,650.5999755859375,650.5999755859375,20209600,TSLA,-2.780029296875,3.2096405029296875,4.3671417236328125,42.361525076930505,645012200,-13.696008560803524,1094314.3060249148,-1.1436782836914061,0.8026103772840305,651.2946819886437,659.7275044699651,8.43282248132141
186,2021-07-16,654.6799926757812,656.7000122070312,642.2000122070312,644.219970703125,644.219970703125,16371000,TSLA,-6.3800048828125,2.663212367466518,4.694285801478794,36.19725491346314,628641200,-14.324988815619061,1085819.025633567,-1.9619288853236607,0.7062659358300398,650.7706293008274,657.3417300442974,6.5711007434699695
187,2021-07-19,629.8900146484375,647.2000122070312,621.2899780273438,646.219970703125,646.219970703125,21297100,TSLA,2.0,2.3453565325055803,4.850714547293527,32.592181295839225,649938300,-10.045624351168643,831690.8207922406,-2.2540723528180804,0.7146587298699301,650.4335434787754,655.6306901456554,5.19714666688003
188,2021-07-20,651.989990234375,662.3900146484375,640.5,660.5,660.5,15487100,TSLA,14.280029296875,2.609285627092634,4.850714547293527,34.97701831229966,634451200,-6.1017808898284445,764514.2355072361,-2.596216038295201,0.6878181375608203,651.179206924792,656.3798147386316,5.200607813839611
189,2021-07-21,659.6099853515625,664.8599853515625,650.2899780273438,655.2899780273438,655.2899780273438,13953300,TSLA,-5.21002197265625,2.9332144601004466,4.528573172433036,39.30980891645317,620497900,-6.391315096241971,769444.1025241938,-2.0083238874162945,0.7149584308588681,651.483708487944,656.2121475522796,4.728439064335589
190,2021-07-22,656.4400024414062,662.1699829101562,644.5999755859375,649.260009765625,649.260009765625,15105700,TSLA,-6.02996826171875,2.9332144601004466,4.828571864536831,37.79045618390585,635603600,-10.244055458961334,782918.7791498802,-1.6773241315569194,0.720097443992582,651.3189900640685,655.1425878927943,3.823597828725724
191,2021-07-23,646.3599853515625,648.7999877929688,637.2999877929688,643.3800048828125,643.3800048828125,14604900,TSLA,-5.8800048828125,2.9332144601004466,5.2253570556640625,35.95254946816,620998700,-9.138629611181088,779698.5495071802,-1.436394827706473,0.707833020467463,650.7309170876792,653.3329597374125,2.602042649733221
192,2021-07-26,650.969970703125,668.2000122070312,647.1099853515625,657.6199951171875,657.6199951171875,25336600,TSLA,14.239990234375,3.231785365513393,4.5703582763671875,41.42176193944596,646335300,-11.843060530349202,763683.030314533,-1.2846093314034597,0.6921174427358363,651.2412191639391,653.9925036419932,2.7512844780540036
193,2021-07-27,663.4000244140625,666.5,627.239990234375,644.780029296875,644.780029296875,32813300,TSLA,-12.8399658203125,3.2817862374441966,3.347143990652902,49.507026390686065,679148600,-7.218613520406657,761494.2596257215,-0.625465829031808,0.6572756379142994,650.7626125071196,652.5751998965903,1.8125873894707638
194,2021-07-28,647.0,654.969970703125,639.4000244140625,646.97998046875,646.97998046875,16006600,TSLA,2.199951171875,3.2817862374441966,3.485358101981027,48.4958805788224,663142000,-1.3232580426593175,1035022.24492248,-0.7633215767996651,0.661974274779575,650.4824175413145,651.7143969076918,1.2319793663773453
195,2021-07-29,649.7899780273438,683.6900024414062,648.7999877929688,677.3499755859375,677.3499755859375,30394600,TSLA,30.3699951171875,4.005713326590402,3.485358101981027,53.47316955639153,693536600,-0.4450087428255419,1063155.3390000367,-1.2198926653180804,0.5980360291355742,652.4726070261014,655.6583320889604,3.185725062858978
196,2021-07-30,671.760009765625,697.530029296875,669.0,687.2000122070312,687.2000122070312,29600500,TSLA,9.85003662109375,4.267499651227679,3.485358101981027,55.044214495764116,663936100,6.7889557183305485,1241777.1791036406,-0.6923930576869419,0.7536638373867633,655.045007409874,660.5108982609713,5.465890851097356
197,2021-08-02,700.0,726.9400024414062,698.4000244140625,709.6699829101562,709.6699829101562,33615800,TSLA,22.469970703125,5.0078582763671875,3.485358101981027,58.96303653741518,697551900,7.262183434411503,1243244.5416950425,0.11200081961495534,0.9238453058314586,659.0913018913764,668.0738343608459,8.982532469469561
198,2021-08-03,719.0,722.6500244140625,701.010009765625,709.739990234375,709.739990234375,21620300,TSLA,0.07000732421875,5.812857491629464,2.3310721261160716,71.3765683701798,675931600,14.987973967028509,1234726.837455098,2.191536821637835,0.9981240643044119,662.8430565834503,674.4840121875427,11.640955604092369
199,2021-08-04,711.0,724.9000244140625,708.9299926757812,710.9199829101562,710.9199829101562,17002600,TSLA,1.17999267578125,5.857500348772321,1.6903577532087053,77.60480217871279,658929000,16.596391154549902,1212082.7788933592,3.6969292776925218,0.9749336855466848,666.4043103854286,680.0895461448679,13.685235759439252
200,2021-08-05,716.0,720.9500122070312,711.4099731445312,714.6300048828125,714.6300048828125,12919600,TSLA,3.71002197265625,6.032143729073661,1.3632136753627233,81.56662888875461,646009400,18.582898450825105,1102573.3417514798,4.651536560058593,0.9491162680696204,669.9765840519015,685.4034628737824,15.426878821880905
201,2021-08-06,711.9000244140625,716.3300170898438,697.6300048828125,699.0999755859375,699.0999755859375,15576200,TSLA,-15.530029296875,6.032143729073661,1.6289280482700892,78.7375957880025,661585600,16.29822671353508,1212379.4345492458,5.4139650617327,0.9006649634852576,672.1338723136819,687.5106186756524,15.376746361970504
202,2021-08-09,710.1699829101562,719.030029296875,705.1300048828125,713.760009765625,713.760009765625,14715300,TSLA,14.6600341796875,5.450714111328125,1.6599993024553572,76.6549542098322,646870300,13.61511162245005,1242723.5973246747,5.377178301130021,0.9061056182211218,675.2172899027147,691.5489865356482,16.331696632933472
203,2021-08-10,713.989990234375,716.5900268554688,701.8800048828125,709.989990234375,709.989990234375,13432300,TSLA,-3.77001953125,5.515714372907366,1.6599993024553572,76.86642224654474,633438000,11.530141116063955,1314623.7456098064,5.568035234723772,0.8902513687755967,677.7930454828377,694.38606402776,16.5930185449223
204,2021-08-11,712.7100219726562,715.1799926757812,704.2100219726562,707.8200073242188,707.8200073242188,9800600,TSLA,-2.16998291015625,5.515714372907366,1.4707140241350447,78.9489859402603,623637400,5.712035533700867,1437599.7415897103,5.831428091866629,0.8338336673789444,680.0172648784956,696.4528245349074,16.435559656411897
205,2021-08-12,706.3400268554688,722.7999877929688,699.4000244140625,722.25,722.25,17459100,TSLA,14.42999267578125,5.953571864536831,1.0453578404017858,85.06403286685169,641096500,-3.2199983889765402,1442191.627632401,5.71496364048549,0.8578886564493184,683.1456156282367,700.4216207603063,17.2760051320696
206,2021-08-13,723.7100219726562,729.9000244140625,714.3400268554688,717.1699829101562,717.1699829101562,16698900,TSLA,-5.08001708984375,5.988928658621652,1.0453578404017858,85.13910628253609,624397600,-7.983390959739774,1360630.8275444142,5.599356951032365,0.8660509535998551,685.665939130601,702.9982918602832,17.332352729682157
207,2021-08-16,705.0700073242188,709.5,676.4000244140625,686.1699829101562,686.1699829101562,22677400,TSLA,-31.0,5.938927786690848,2.333929879324777,71.78810547034536,647075000,-16.903342206472463,1032442.3486364983,4.928071158272879,0.886346565432734,685.7032757068644,700.4093212525714,14.70604554570707
208,2021-08-17,672.6599731445312,674.5800170898438,648.8400268554688,665.7100219726562,665.7100219726562,23721300,TSLA,-20.4599609375,5.938927786690848,3.791785103934152,61.03281284162309,670796300,-19.602371193010132,861107.1871234798,3.6251065935407363,1.123095684445884,684.2222939487748,695.0709675172,10.84867356842517
209,2021-08-18,669.75,695.77001953125,669.3499755859375,688.989990234375,688.989990234375,20349400,TSLA,23.27996826171875,4.876429966517857,3.791785103934152,56.25644872541877,650446900,-14.86803855252809,1090194.7880639788,1.3418225969587052,1.2820205967465428,684.575456636597,694.1354325506115,9.559975914014558
210,2021-08-19,678.2100219726562,686.5499877929688,667.5900268554688,673.469970703125,673.469970703125,14313500,TSLA,-15.52001953125,3.7171412876674106,3.791785103934152,49.50296612076111,636133400,-14.688535927873412,1095884.7412746104,-0.3713564191545759,1.0165171256761618,683.7528280489323,690.9561307279214,7.2033026789890755
211,2021-08-20,682.8499755859375,692.1300048828125,673.7000122070312,680.260009765625,680.260009765625,14781800,TSLA,6.7900390625,2.5628553118024553,4.103570120675223,38.444220786100225,650915200,-11.804463382889331,1048936.5958343605,-1.7548575265066961,0.9284853116054471,683.4941007686873,689.3105736567989,5.816472888111548
212,2021-08-23,685.4400024414062,712.1300048828125,680.75,706.2999877929688,706.2999877929688,20264900,TSLA,26.03997802734375,2.930356706891741,4.103570120675223,41.66032400859296,671180100,-10.239654334692142,1081397.950185294,-2.673320879255022,0.7839677254870925,685.183425733449,691.9243296777481,6.740903944299134
213,2021-08-24,710.6799926757812,715.219970703125,702.6400146484375,708.489990234375,708.489990234375,13083100,TSLA,2.19000244140625,3.893927437918527,4.103570120675223,48.689323246298315,658097000,-1.3112309671791154,1004095.4497545841,-2.2739998953683034,0.8676232415411521,686.9098379187027,694.4728928403061,7.563054921603452
214,2021-08-25,707.030029296875,716.969970703125,704.0,711.2000122070312,711.2000122070312,12645600,TSLA,2.71002197265625,3.894284929547991,4.103570120675223,48.69161675341071,645451400,3.4789141145879707,891267.7567160111,-1.8058929443359373,0.9453456646186079,688.7091100882085,697.0462958198023,8.337185731593763
215,2021-08-26,708.3099975585938,715.4000244140625,697.6199951171875,701.1599731445312,701.1599731445312,13214300,TSLA,-10.0400390625,3.894284929547991,3.943213326590402,49.68785704670435,658665700,4.677522865864783,853538.8395742846,-1.2318570818219865,1.0146249744408036,689.6313962405287,697.679169254376,8.04777301384729
216,2021-08-27,705.0,715.0,702.0999755859375,711.9199829101562,711.9199829101562,13762100,TSLA,10.760009765625,3.9199981689453125,3.912142072405134,50.050152935839314,672427800,5.921670135093144,847860.2698216626,-0.8038216727120535,1.0185064134940696,691.2824026605011,699.8700636629576,8.587661002456457
217,2021-08-30,714.719970703125,731.0,712.72998046875,730.9099731445312,730.9099731445312,18604200,TSLA,18.989990234375,4.593569074358259,3.912142072405134,54.00570269901784,691032000,10.784851639543023,752312.522226388,-0.5023938860212054,1.0522718868030234,694.2177782519108,704.6454343524305,10.427656100519698
218,2021-08-31,733.0,740.3900146484375,726.4400024414062,735.719970703125,735.719970703125,20855400,TSLA,4.80999755859375,5.443568638392857,3.6999991280691966,59.53440470315618,711887400,15.676959285656354,775053.9923481152,0.6468560355050222,1.1387075119329058,697.2920147297785,709.4261322525374,12.134117522758856
219,2021-09-01,734.0800170898438,741.989990234375,731.27001953125,734.0900268554688,734.0900268554688,13204300,TSLA,-1.62994384765625,5.119284493582589,3.6999991280691966,58.04648895761202,698683100,20.47120490168135,911248.4025774825,1.7473911830357143,1.1766028522432896,700.0177934057556,713.2205775760654,13.20278417030977
220,2021-09-02,734.5,740.969970703125,730.5399780273438,732.3900146484375,732.3900146484375,12777300,TSLA,-1.70001220703125,4.785356794084821,3.8189261300223216,55.61598608847922,685905800,20.934099618935264,917233.8006240473,2.6532854352678568,1.1497031670511255,702.4157357200284,716.1697217410457,13.75398602101734
221,2021-09-03,732.25,734.0,724.2000122070312,733.5700073242188,733.5700073242188,15246100,TSLA,1.17999267578125,4.785356794084821,2.548926217215402,65.24641586248896,701151900,20.965847484172812,916511.6944302635,3.835143389020647,0.9245830198902516,704.723459542561,718.8466887538415,14.123229211280432
222,2021-09-07,740.0,760.2000122070312,739.260009765625,752.9199829101562,752.9199829101562,20039800,TSLA,19.3499755859375,5.5185699462890625,0.7110704694475446,88.58568999181206,721191700,19.75218316961429,896781.200817464,4.865143476213727,0.5820436719736515,708.2935723846051,724.0887340086591,15.795161624054003
223,2021-09-08,761.5800170898438,764.4500122070312,740.77001953125,753.8699951171875,753.8699951171875,18793000,TSLA,0.95001220703125,6.142854963030134,0.7110704694475446,89.6253544563222,702398700,22.794447723713507,926769.4477481436,5.434607151576451,0.5267436781415211,711.6696036981298,728.6704664868943,17.000862788764493
224,2021-09-09,753.4099731445312,762.0999755859375,751.6300048828125,754.8599853515625,754.8599853515625,14077700,TSLA,0.989990234375,5.934999738420759,0.7110704694475446,89.30088838655803,688321000,25.560494382650322,780058.6795148067,5.204857962472098,0.5076908434102884,714.8688912280137,732.6996232353048,17.83073200729109
225,2021-09-10,759.5999755859375,762.6099853515625,734.52001953125,736.27001953125,736.27001953125,15114300,TSLA,-18.5899658203125,5.934999738420759,1.0278560093470983,85.23801085960157,703435300,23.23663995550851,889653.779024111,5.350143432617187,0.4877937240122186,716.4541599912163,733.2489149731425,16.79475498192619
226,2021-09-13,740.2100219726562,744.780029296875,708.8499755859375,743.0,743.0,22952500,TSLA,6.72998046875,4.762499128069196,1.4514269147600447,76.64235292219216,726387800,20.10341651649329,887838.8377788436,4.352000645228794,0.5830682560339585,718.4205185103855,734.7490819003513,16.32856338996578
227,2021-09-14,742.5700073242188,754.469970703125,736.4000244140625,744.489990234375,744.489990234375,18524900,TSLA,1.489990234375,4.047855922154018,1.4514269147600447,73.60697825874115,707862900,20.647121296374873,895968.1409433333,3.4918225969587047,0.5526858387906761,720.3515904899402,736.2476831825088,15.896092692568573
228,2021-09-15,745.0,756.8599853515625,738.3599853515625,755.8300170898438,755.8300170898438,15357700,TSLA,11.34002685546875,4.3310699462890625,1.4514269147600447,74.89965062433748,692505200,20.443213542827543,902341.6584569648,3.188822283063616,0.5852258651336426,722.9796220899331,739.2603499374834,16.280727847550338
229,2021-09-16,752.8300170898438,758.9099731445312,747.6099853515625,756.989990234375,756.989990234375,13923400,TSLA,1.15997314453125,4.777498517717634,1.1896405901227678,80.06346812730303,678581800,15.915474853334663,1010350.1179132465,3.095501273018973,0.5850560751573225,725.4989086191509,741.987986906236,16.48907828708502
230,2021-09-17,757.1500244140625,761.0399780273438,750.0,759.489990234375,759.489990234375,28204200,TSLA,2.5,4.882498604910714,1.1896405901227678,80.4082127910408,706786000,7.338687936068363,1034389.3432796927,2.9395372663225445,0.584334923930638,728.016766516575,744.6806028028727,16.663836286297737
231,2021-09-20,734.5599975585938,742.0,718.6199951171875,730.1699829101562,730.1699829101562,24757700,TSLA,-29.32000732421875,3.8199986049107144,2.147497994559152,64.01341904828351,682028300,3.4534230391227805,901159.2109597556,2.3956793648856025,0.4891632761299071,728.1762640272107,742.4481997424548,14.271935715244126
232,2021-09-21,734.7899780273438,744.739990234375,730.4400024414062,739.3800048828125,739.3800048828125,16330700,TSLA,9.21002197265625,2.969999040876116,2.8657117571149553,50.893526833072855,665697600,-2.3661715931805753,845497.1162041518,1.2179286411830357,0.5883953791892036,729.0061707572553,741.9761697640483,12.969999006793046
233,2021-09-22,743.530029296875,753.6699829101562,739.1199951171875,751.9400024414062,751.9400024414062,15126300,TSLA,12.55999755859375,3.6339263916015625,2.8657117571149553,55.90967233028431,650571300,-7.7528088833418165,908523.452622042,0.747821044921875,0.6135597445019605,730.7049731042295,743.5090670990264,12.804093994796972
234,2021-09-23,755.0,758.2000122070312,747.9199829101562,753.6400146484375,753.6400146484375,11947500,TSLA,1.70001220703125,4.143212454659598,2.7467847551618303,60.13373196659074,638623800,-11.640084084582487,1040626.3794874862,0.6988917759486607,0.6113598320768991,732.4038650704672,745.0676744143204,12.663809343853245
235,2021-09-24,745.8900146484375,774.7999877929688,744.5599975585938,774.3900146484375,774.3900146484375,21373000,TSLA,20.75,4.944998604910714,2.728212629045759,64.44496905060393,659996800,-17.750523009244482,1128236.358228006,0.5879643031529017,0.6020789561754121,735.5139502243909,749.5788036811076,14.064853456716719
236,2021-09-27,773.1199951171875,799.0,769.3099975585938,791.3599853515625,791.3599853515625,28070700,TSLA,16.969970703125,5.558927263532366,2.728212629045759,67.0789601188087,688067500,-21.993969573618806,978045.9091327918,0.8773936680385045,0.674204643637338,739.6506935671443,756.0066777842545,16.355984217110176
237,2021-09-28,787.2000122070312,795.6400146484375,766.1799926757812,777.5599975585938,777.5599975585938,25381400,TSLA,-13.79998779296875,4.947141374860491,2.728212629045759,64.45489514024658,662686100,-20.253890486128068,1071213.1200259414,1.4747863769531249,0.8369867067004136,742.4587901591036,759.3225731341529,16.863782975049276
238,2021-09-29,779.7999877929688,793.5,770.6799926757812,781.3099975585938,781.3099975585938,20942900,TSLA,3.75,4.877855573381696,3.0871407645089284,61.24115274450336,641743200,-18.587951143037827,1073462.2078102762,2.073643057686942,0.8297150588379053,745.3366573738806,762.705253814836,17.368596440955457
239,2021-09-30,781.0,789.1300048828125,775.0,775.47998046875,775.47998046875,17956000,TSLA,-5.83001708984375,4.877855573381696,2.5328565325055803,65.82168492966542,623787200,-21.06491882436432,1072309.1793170522,2.705392892020089,0.7962295340640491,747.5694961216487,764.6705963769767,17.101100255327992
240,2021-10-01,778.4000244140625,780.780029296875,763.5900268554688,775.219970703125,775.219970703125,17031400,TSLA,-0.260009765625,4.877855573381696,2.326786586216518,67.704342080103,606755800,-26.62872178215613,1021951.0530836653,3.1216777256556916,0.7317283805379368,749.6176794239802,766.293577042538,16.67589761855777
241,2021-10-04,796.5,806.969970703125,776.1199951171875,781.530029296875,781.530029296875,30483300,TSLA,6.31005859375,4.800358363560268,2.326786586216518,67.3531743410187,637239100,-31.04179667619033,1056744.988815191,2.9266775948660713,0.7404403142394176,751.9815571923428,768.6376466201283,16.656089427785446
242,2021-10-05,784.7999877929688,797.3099975585938,774.2000122070312,780.5900268554688,780.5900268554688,18432600,TSLA,-0.94000244140625,4.533931187220982,2.326786586216518,66.08537673382966,618806500,-26.877064731937306,1057324.9822816772,2.9426071166992185,0.7398344197873407,754.1007030933151,770.4764743486421,16.37577125532698
243,2021-10-06,776.2000122070312,786.6599731445312,773.219970703125,782.75,782.75,14632800,TSLA,2.15997314453125,4.131072998046875,2.326786586216518,63.96969373743484,604173700,-25.98022750181066,1050533.957461439,2.8400004795619416,0.7449867352820498,756.2228732345511,772.3647090642356,16.14183582968451
244,2021-10-07,785.4600219726562,805.0,783.3800048828125,793.6099853515625,793.6099853515625,19195800,TSLA,10.8599853515625,4.465358189174107,2.326786586216518,65.7429771719979,623369500,-27.45048969761618,1059293.0197083661,2.9864652361188613,0.7278739684436746,758.9922889469224,775.6332131084397,16.64092416151732
245,2021-10-08,796.2100219726562,796.3800048828125,780.9099731445312,785.489990234375,785.489990234375,16711100,TSLA,-8.1199951171875,4.563214983258929,1.368929181780134,76.92353483504527,606658400,-26.98663934737843,1072462.2710590693,3.3414289202008924,0.7002418909553394,760.9550816348818,777.1496403585836,16.19455872370179
246,2021-10-11,787.6500244140625,801.239990234375,785.5,791.9400024414062,791.9400024414062,14200300,TSLA,6.45001220703125,4.563214983258929,0.710357666015625,86.52985910579342,592458100,-23.67555523492621,998210.4079385995,3.4340356009347097,0.683204349963165,763.2502609538836,779.4250806790178,16.17481972513417
247,2021-10-12,800.9299926757812,812.3200073242188,796.5700073242188,805.719970703125,805.719970703125,22020000,TSLA,13.77996826171875,4.508213588169643,0.710357666015625,86.38788987606672,614478100,-23.79321450541059,1000244.95572763,2.7573209490094865,0.6002784255671721,766.3961653797534,783.4704483750343,17.074282995280896
248,2021-10-13,810.469970703125,815.4099731445312,805.780029296875,811.0800170898438,811.0800170898438,14120100,TSLA,5.36004638671875,4.682499476841518,0.710357666015625,86.82780486858444,600358000,-21.946359938364104,1037115.2387153411,2.467641775948661,0.528830335069247,769.7060803212415,787.7180743311588,18.011994009917316
249,2021-10-14,815.489990234375,820.25,813.3499755859375,818.3200073242188,818.3200073242188,12247200,TSLA,7.239990234375,4.330714634486607,0.710357666015625,85.90859992337636,588110800,-23.02950389999033,1015846.2292143434,2.433892386300223,0.5214549420750549,773.3071119510917,792.4260640223988,19.11895207130715
250,2021-10-15,823.739990234375,843.2100219726562,822.3499755859375,843.030029296875,843.030029296875,18818000,TSLA,24.71002197265625,4.124644688197544,0.710357666015625,85.30801819782721,606928800,-26.390479004256843,921972.4630321097,2.4185001918247764,0.5171553133840334,778.4717724952237,800.2112894492413,21.73951695401763
251,2021-10-18,851.7899780273438,875.260009765625,851.469970703125,870.1099853515625,870.1099853515625,24207200,TSLA,27.0799560546875,5.861073085239956,0.710357666015625,89.19021301594178,631136000,-23.614153209442993,995299.3157494933,3.382715715680803,0.7183166731700842,785.25978826236,810.9649349726755,25.70514671031549
252,2021-10-19,877.530029296875,877.9500122070312,862.510009765625,864.27001953125,864.27001953125,17381100,TSLA,-5.8399658203125,6.6196441650390625,0.35142953055245535,94.95874601390747,613754900,-13.069678015624982,991054.447500743,5.263643537248884,0.8855371864128824,791.1123979859814,819.1657172124561,28.05331922647474
253,2021-10-20,865.3499755859375,869.489990234375,857.3800048828125,865.7999877929688,865.7999877929688,14032100,TSLA,1.52996826171875,6.6196441650390625,0.43107169015066965,93.8861287420429,599722800,-7.178047769000087,873001.2506977482,6.323036847795759,0.8843702678015001,796.6448120457583,826.3402203786889,29.695408332930583
254,2021-10-21,856.0,900.0,855.5,894.0,894.0,31481500,TSLA,28.20001220703125,7.681429181780134,0.21357073102678573,97.29486088175453,631204300,-5.053986661031559,811423.1953395528,7.218143572126115,0.7908278438140374,803.8563074497762,836.749417243506,32.893109793729764
255,2021-10-22,895.5,910.0,890.9600219726562,909.6799926757812,909.6799926757812,22880800,TSLA,15.67999267578125,9.032499040876116,0.21357073102678573,97.69014579929099,608323500,-0.8667504287664572,896913.8015790121,8.349928719656807,0.8036372219102476,811.6950989479989,847.9695057715483,36.274406823549384
256,2021-10-25,950.530029296875,1045.02001953125,944.2000122070312,1024.8599853515625,1024.8599853515625,62852100,TSLA,115.17999267578125,13.5142822265625,0.21357073102678573,98.44425248662999,671175600,-1.9586723137278454,889279.9595059835,9.442999049595423,0.8106726954012462,827.485090533448,875.183425706935,47.69833517348707
257,2021-10-26,1024.68994140625,1094.93994140625,1001.4400024414062,1018.4299926757812,1018.4299926757812,62415000,TSLA,-6.42999267578125,17.354640415736608,0.21357073102678573,98.78433422024227,608760600,8.803831414109549,1149515.1915953613,13.115642220633369,1.8573936776830302,841.6291573588061,897.2213590867575,55.59220172795142
258,2021-10-27,1039.6600341796875,1070.8800048828125,1030.780029296875,1037.8599853515625,1037.8599853515625,38526500,TSLA,19.42999267578125,17.353927612304688,0.21357073102678573,98.78428489445194,570234100,8.823242926283028,1148852.4792813163,15.731642804827011,2.0065839836691013,856.1647742471584,918.8580708198044,62.69329657264598
259,2021-10-28,1068.31005859375,1081.0,1054.199951171875,1077.0400390625,1077.0400390625,27213200,TSLA,39.1800537109375,19.349286760602677,0.21357073102678573,98.90828458409939,543020900,2.2974025061492376,1422199.0336138639,18.0456782749721,2.017083810333411,872.5259049742208,943.1937582417576,70.66785326753677
260,2021-10-29,1081.8599853515625,1115.2099609375,1073.2099609375,1114.0,1114.0,29918400,TSLA,36.9599609375,22.068572998046875,0.15392848423549108,99.30733052551165,572939300,-4.280327047492318,1759107.7469530485,20.738393293108256,1.9654166765004504,890.4128749761303,969.4716415891794,79.0587666130491
261,2021-11-01,1145.0,1209.75,1118.6600341796875,1208.5899658203125,1208.5899658203125,56048700,TSLA,94.5899658203125,26.044285365513392,0.15392848423549108,99.41244664572059,628988000,-8.145994518211202,1792522.8601870423,23.110857282366066,1.9631908175048713,913.9815483719957,1006.2590760862768,92.27752771428106
262,2021-11-02,1159.3599853515625,1208.5899658203125,1146.0,1172.0,1172.0,42737800,TSLA,-36.5899658203125,27.432141985212052,0.15392848423549108,99.44200648509917,586250200,-6.5826658323816964,1846176.237115839,26.8591064453125,2.3375098282965587,933.0940262703664,1031.7576797653112,98.66365349494481
263,2021-11-03,1177.3299560546875,1215.3900146484375,1152.6199951171875,1213.8599853515625,1213.8599853515625,34628500,TSLA,41.8599853515625,27.170355660574778,0.15392848423549108,99.43666050528637,551621700,-7.791272242183947,1850359.425434218,28.598284258161268,2.1396967517295935,953.8915047208253,1059.773419086273,105.88191436544764
264,2021-11-04,1234.4100341796875,1243.489990234375,1217.0,1229.9100341796875,1229.9100341796875,25397400,TSLA,16.050048828125,28.097499302455358,0.15392848423549108,99.45514794721983,526224300,-14.683851588738099,1904874.3559503506,30.228962925502234,1.9838492434800863,974.3373217177781,1085.9482829467984,111.61096122902029
265,2021-11-05,1228.0,1239.8699951171875,1208.0,1222.0899658203125,1222.0899658203125,21579900,TSLA,-7.820068359375,26.541785103934153,0.15392848423549108,99.42339625525611,504644400,-25.520990252613068,1904312.2130288351,31.029249790736603,1.8822672014011101,992.6893694290769,1106.8931572350314,114.20378780595445
266,2021-11-08,1149.7900390625,1197.0,1133.0,1162.93994140625,1162.93994140625,33445700,TSLA,-59.1500244140625,25.783214024135045,2.545717511858259,91.01371857733568,538090100,-35.29179540780474,1949925.4832983662,30.870071193150117,1.918854576602908,1005.3005229088676,1115.5157394152188,110.21521650635123
267,2021-11-09,1173.5999755859375,1174.5,1011.52001953125,1023.5,1023.5,59105800,TSLA,-139.43994140625,25.783214024135045,9.484287806919642,73.10757123554387,597195900,-35.852698106366326,1944876.1329925759,28.652069527762272,2.678785613770697,1006.6486323230255,1101.3594718128775,94.71083948985199
268,2021-11-10,1010.4099731445312,1078.0999755859375,987.3099975585938,1067.949951171875,1067.949951171875,42802700,TSLA,44.449951171875,24.721429007393972,12.876787458147321,65.75160029213387,554393200,-30.024104886384272,2197036.799192176,21.735391889299663,4.763279163079597,1011.1894707562735,1096.2195455604156,85.03007480414203
269,2021-11-11,1102.77001953125,1104.969970703125,1054.6800537109375,1063.510009765625,1063.510009765625,22396600,TSLA,-4.43994140625,24.583214896065847,12.876787458147321,65.62523585453258,531996600,-31.064196713331444,2172525.805114402,15.404997907366072,5.258274657438586,1015.0650662384477,1091.1873092842939,76.12224304584618
270,2021-11-12,1047.5,1054.5,1019.2000122070312,1033.4200439453125,1033.4200439453125,25182300,TSLA,-30.0899658203125,19.909643990652903,14.109998430524554,58.52396607866465,557178900,-29.66472433393945,2168728.615493315,9.047355869838169,5.343659060101686,1016.424694216734,1082.3000376936814,65.87534347694736
271,2021-11-15,1017.6300048828125,1031.97998046875,978.5999755859375,1013.3900146484375,1013.3900146484375,34775600,TSLA,-20.030029296875,16.02571541922433,15.899998256138392,50.196890137467705,591954500,-26.659138711274363,2220246.63784223,1.780071585518973,5.038287565358685,1016.1999031376009,1071.6984956867207,55.498592549119735
272,2021-11-16,1003.3099975585938,1057.199951171875,1002.1799926757812,1054.72998046875,1054.72998046875,26542400,TSLA,41.3399658203125,16.322498866489955,15.899998256138392,50.655598802202796,565412100,-9.798775663871284,2027647.5402575408,-3.139035252162388,5.044681037895336,1019.0539829399083,1069.087954883956,50.03397194404761
273,2021-11-17,1063.510009765625,1119.6400146484375,1055.5,1089.010009765625,1089.010009765625,31445400,TSLA,34.280029296875,16.929997035435267,15.899998256138392,51.568685542213956,596857500,-3.465938356181997,1950801.9678881355,-7.167392839704241,4.55580159367282,1024.2359108529245,1072.1528864042127,47.91697555128826
274,2021-11-18,1106.550048828125,1112.0,1075.02001953125,1096.3800048828125,1096.3800048828125,20898900,TSLA,7.3699951171875,15.698211669921875,15.899998256138392,49.68069933915767,575958600,2.089435918692383,2035261.1538979276,-9.91324986049107,3.9632107185372214,1029.5799178181012,1075.8801354009204,46.30021758281919
275,2021-11-19,1098.8699951171875,1138.719970703125,1092.699951171875,1137.06005859375,1137.06005859375,21168000,TSLA,40.6800537109375,12.716073172433036,15.899998256138392,44.43682356669267,597126600,0.8577084032248548,2017066.1997802553,-11.53810555594308,3.564204504570901,1037.5414097274086,1085.2924312767402,47.751021549331654
