IPO,MarketCap,Income,Sales,Booksh,Dividend,Dividend_Percentage,Employees,PriceToEarnings,ForwardPTE,PriceToSales,PriceToBook,PutCallRatio,QuickRatio,CurrentRatio,DebtEquity,ROA(%),ROE(%),ROI(%),GrossMargin(%),OperationalMargin,ProfitMargin(%),Payout(%),SHSOutstanding,ShsFloat,ShortFloat(%),ShortRatio,TargetPrice,PerformanceHalfYear(%),PerformanceYear(%),PerformanceYTD(%)
UPST,1981000000.0,5810000.0,45070000.0,9.34,0.0,0.0,554.0,403.53,153.63,43.95,28.13,39.13,0.0,0.0,0.01,10.7,18.0,3.1,85.9,16.0,12.9,0.0,7667000.0,6558000.0,4.08,0.51,206.5,393.43,0.0,544.66
ANVS,29465000.0,-840000.0,0.0,6.6,0.0,0.0,2.0,0.0,0.0,0.0,5.35,5.99,56.0,56.0,0.0,-46.2,-48.4,0.0,0.0,0.0,0.0,0.0,737000.0,564000.0,12.61,0.83,0.0,31.19,620.24,368.57
ASAN,1469000000.0,-26380000.0,29340000.0,-0.29,0.0,0.0,1080.0,0.0,0.0,50.08,0.0,38.04,2.4,2.4,0.0,-30.0,414.1,-47.9,88.7,-59.8,-72.2,0.0,16208000.0,7151000.0,7.26,2.12,66.64,187.94,0.0,219.9
THRY,98823000.0,17050000.0,106000000.0,8.02,0.0,0.0,2313.0,5.99,12.19,0.93,3.74,62.55,1.2,1.2,2.4,12.7,93.1,33.3,63.6,14.9,16.1,0.0,3293000.0,3180000.0,2.74,4.59,44.5,55.09,91.63,122.3
ASO,416000000.0,49660000.0,613000000.0,14.27,0.0,0.0,22000.0,8.27,10.28,0.68,3.16,7.01,0.5,1.4,0.6,10.5,43.5,20.7,32.6,10.6,8.1,0.0,9218000.0,9088000.0,13.72,5.8,45.38,79.91,0.0,117.75
MRVI,1579000000.0,0.0,38133000.0,1.73,0.0,0.0,490.0,0.0,45.49,41.42,34.55,42.15,3.6,3.9,3.04,0.0,0.0,16.1,0.0,0.0,0.0,0.0,11220000.0,8907000.0,2.05,1.61,58.78,65.71,0.0,113.08
VEL,28483000.0,2110000.0,17860000.0,11.62,0.0,0.0,175.0,13.64,12.26,1.59,1.13,10.28,0.0,0.0,8.03,1.0,9.5,6.2,95.6,77.0,11.8,0.0,2009000.0,1288000.0,1.26,3.81,15.25,69.79,167.82,111.08
ACI,1550000000.0,70880000.0,6821000000.0,3.65,0.4,1.19,300000.0,27.44,15.22,0.23,9.18,7.13,0.5,1.1,4.92,2.7,48.1,13.0,29.1,1.8,1.0,6.6,46510000.0,23781000.0,5.69,10.59,26.17,95.11,147.96,90.56
MCFE,1169000000.0,-13400000.0,241000000.0,-56.92,0.46,1.7,6916.0,0.0,24.58,4.84,0.0,27.84,0.4,0.4,0.0,-1.5,1.3,-4.6,71.1,8.9,-3.4,0.0,16500000.0,5342000.0,5.05,2.6,29.43,32.19,0.0,89.61
IMNM,21046000.0,-2160000.0,0.0,5.29,0.0,0.0,23.0,0.0,0.0,0.0,3.28,3.52,17.8,17.8,0.0,-52.9,-95.1,0.0,0.0,0.0,0.0,0.0,1146000.0,859000.0,2.25,0.45,0.0,-43.21,0.0,79.24
BSY,1920000000.0,15950000.0,86750000.0,1.55,0.12,0.17,4104.0,135.81,87.0,22.13,44.51,146.3,0.7,0.7,2.69,10.1,54.3,19.0,77.4,17.0,18.4,11.2,30407000.0,20475000.0,3.4,4.44,69.57,59.07,0.0,70.3
LSPD,2104000000.0,-19270000.0,37830000.0,19.87,0.0,0.0,1800.0,0.0,0.0,55.61,5.99,27.76,4.9,4.9,0.03,-9.1,-10.2,-6.2,53.6,-52.9,-50.9,0.0,13159000.0,12808000.0,2.06,3.0,0.0,99.95,265.29,68.99
MEG,137000000.0,-10210000.0,46350000.0,5.34,0.0,0.0,2000.0,0.0,622.26,2.95,9.79,34.03,1.6,1.6,1.76,-16.3,-75.2,-8.1,32.5,-4.6,-22.0,0.0,2606000.0,2317000.0,3.64,6.35,58.83,27.46,80.62,68.83
RICE,49928000.0,0.0,0.0,2.96,0.0,0.0,0.0,0.0,22.41,0.0,5.84,0.0,0.1,0.1,0.0,0.0,0.0,0.0,0.0,0.0,0.0,0.0,2966000.0,2373000.0,6.09,13.06,26.0,70.61,0.0,59.74
IMAB,532000000.0,7290000.0,23900000.0,13.68,0.0,0.0,228.0,305.45,0.0,22.25,5.45,7.17,9.3,9.3,0.0,0.0,0.0,9.8,0.0,0.0,0.0,0.0,6370000.0,3044000.0,6.32,3.28,91.21,45.37,101.05,58.07
RNLX,94829000.0,0.0,102000.0,2.41,0.0,0.0,17.0,0.0,0.0,930.61,10.17,12.73,21.2,21.2,0.01,0.0,0.0,0.0,0.0,0.0,0.0,0.0,3602000.0,591000.0,6.55,4.26,38.0,-15.48,71.46,53.19
AUVI,6301000.0,-620000.0,700000.0,1.52,0.0,0.0,37.0,0.0,0.0,9.0,4.41,9.0,2.5,2.6,0.03,-41.7,-54.8,-33.1,26.8,-84.0,-89.0,0.0,941000.0,417000.0,0.98,0.11,0.0,-22.34,17.72,46.19
LEGN,609000000.0,-29690000.0,8640000.0,2.45,0.0,0.0,882.0,0.0,0.0,70.47,16.38,8.79,2.8,2.8,0.06,-40.7,-102.2,-107.5,0.0,0.0,0.0,0.0,13851000.0,12735000.0,1.15,3.75,52.75,63.13,35.71,42.51
CCCC,226000000.0,-8200000.0,3390000.0,9.5,0.0,0.0,99.0,0.0,0.0,66.62,4.97,4.85,10.8,10.8,0.02,-21.4,-40.8,-20.6,0.0,0.0,0.0,0.0,4385000.0,4223000.0,6.49,6.04,57.83,12.06,0.0,42.5
BNL,440000000.0,6810000.0,33050000.0,17.48,1.02,3.7,71.0,56.65,41.61,13.3,1.58,55.65,0.0,0.0,0.58,1.6,2.9,3.1,85.8,40.5,20.6,182.6,14612000.0,14435000.0,4.53,3.03,26.29,54.83,0.0,40.91
ONEW,61066000.0,6470000.0,122000000.0,16.65,0.0,0.0,1169.0,6.65,5.69,0.5,2.35,5.39,0.8,1.3,1.22,11.4,43.1,19.5,27.3,10.6,5.3,0.0,1098000.0,909000.0,4.36,4.45,57.0,1.56,50.84,40.21
BEAM,763000000.0,-40770000.0,2000.0,8.82,0.0,0.0,181.0,0.0,0.0,317803.5,12.86,12.4,5.3,5.3,0.01,-70.4,-115.1,0.0,0.0,0.0,0.0,0.0,6221000.0,4403000.0,11.72,6.54,119.17,34.97,419.47,38.9
ZI,2584000000.0,4290000.0,59040000.0,3.23,0.0,0.0,1747.0,262.44,98.61,43.76,20.64,64.64,1.4,1.4,0.0,1.8,8.4,1.4,81.3,18.8,7.3,0.0,19060000.0,15996000.0,4.7,2.28,71.13,41.2,104.42,38.21
DASH,6602000000.0,-56700000.0,416000000.0,13.8,0.0,0.0,3886.0,0.0,0.0,15.86,14.28,14.14,4.1,4.1,0.0,-10.6,-17.9,-8.7,52.7,-12.9,-13.6,0.0,33471000.0,30604000.0,3.96,4.07,194.55,39.33,0.0,38.09
PPD,1643000000.0,25830000.0,555000000.0,-1.55,0.0,0.0,26000.0,64.69,26.7,2.96,0.0,17.31,1.2,1.2,0.0,4.0,-35.9,11.3,37.1,10.8,4.7,0.0,35113000.0,21643000.0,7.1,11.3,47.25,34.44,44.93,36.67
DCBO,346000000.0,-2230000.0,10320000.0,7.41,0.0,0.0,488.0,0.0,3279.26,33.55,11.95,12.75,4.4,4.4,0.02,-8.3,-11.1,-3.7,81.9,-20.3,-21.6,0.0,3281000.0,1342000.0,1.13,2.43,0.0,113.76,0.0,36.03
NTST,104000000.0,30000.0,4680000.0,17.98,0.8,3.04,19.0,1095.0,86.16,22.15,1.46,11.76,0.0,0.0,0.0,0.0,0.1,-0.9,91.2,-11.3,0.6,0.0,3802000.0,3304000.0,3.38,2.92,27.61,48.73,43.06,34.84
ZNTL,312000000.0,-15160000.0,0.0,6.65,0.0,0.0,124.0,0.0,0.0,0.0,10.33,10.47,9.3,9.3,0.0,-35.1,-41.7,0.0,0.0,0.0,0.0,0.0,4036000.0,2660000.0,8.74,8.26,72.14,60.2,154.2,32.29
AVO,139000000.0,2960000.0,83800000.0,6.76,0.0,0.0,2500.0,48.12,19.54,1.66,2.91,15.31,2.2,2.7,0.37,3.9,6.8,4.9,15.3,5.6,3.4,0.0,7055000.0,3715000.0,2.83,4.67,24.0,-6.91,0.0,30.76
NREF,15955000.0,2610000.0,11470000.0,28.95,1.9,8.91,1.0,5.08,8.86,1.39,0.74,5.32,0.0,0.0,52.23,0.4,18.4,0.6,72.2,65.4,22.7,34.4,531000.0,511000.0,0.22,0.18,22.83,12.8,37.17,29.12
OZON,1103000000.0,-48360000.0,179000000.0,3.98,0.0,0.0,14834.0,0.0,0.0,6.15,13.1,0.0,2.2,2.5,1.27,-23.8,-68.4,-16.8,-0.7,-21.8,-27.0,0.0,20392000.0,20061000.0,1.16,3.66,0.0,0.93,0.0,25.89
GLSI,58464000.0,-280000.0,0.0,2.26,0.0,0.0,1.0,0.0,0.0,0.0,19.82,19.62,45.7,45.7,0.0,-11.6,-12.1,0.0,0.0,0.0,0.0,0.0,1290000.0,315000.0,5.83,2.18,75.0,37.04,0.0,22.84
FST,31462000.0,-3920000.0,0.0,5.71,0.0,0.0,0.0,0.0,0.0,0.0,2.19,786.55,0.3,0.3,0.0,-19.5,-24.2,0.0,0.0,0.0,0.0,0.0,2500000.0,1500000.0,9.86,13.35,0.0,9.96,0.0,21.87
GFL,1430000000.0,-80240000.0,477000000.0,15.0,0.04,0.11,15000.0,0.0,108.68,3.0,2.36,46.06,1.1,1.1,1.25,-5.2,-14.5,-1.2,4.7,-6.9,-16.8,0.0,36074000.0,28155000.0,2.9,8.89,0.0,5.92,85.5,21.42
JAMF,423000000.0,-3510000.0,31380000.0,6.82,0.0,0.0,1496.0,0.0,150.41,13.47,5.32,18.66,1.4,1.4,0.0,-3.2,-4.3,-1.4,78.1,-12.0,-11.2,0.0,11791000.0,11696000.0,3.47,6.63,44.2,2.03,-1.12,21.16
AYLA,17356000.0,-3720000.0,340000.0,2.97,0.0,0.0,34.0,0.0,0.0,51.05,4.48,3.91,9.0,9.0,0.0,-72.0,-82.3,-78.7,0.0,0.0,0.0,0.0,1442000.0,606000.0,2.33,4.77,22.83,0.53,51.36,21.09
PFHD,25349000.0,1760000.0,7830000.0,16.65,0.0,0.0,135.0,14.13,14.09,3.24,1.12,0.38,0.0,0.0,0.05,0.8,8.2,24.1,0.0,88.2,22.5,0.0,1340000.0,1240000.0,0.99,1.8,22.4,-1.06,39.82,21.06
STEP,459000000.0,10430000.0,116000000.0,3.22,0.28,0.58,586.0,43.7,37.55,3.94,14.93,20.99,0.0,0.0,0.0,8.8,50.9,0.0,63.7,0.0,9.0,6.4,9482000.0,3990000.0,1.68,2.0,46.25,55.01,0.0,20.78
LXEH,13340000.0,520000.0,2470000.0,4.27,0.0,0.0,517.0,25.64,0.0,5.4,2.34,4.04,2.3,2.4,0.11,0.0,0.0,6.4,28.3,16.2,21.1,0.0,1333000.0,267000.0,0.23,1.09,0.0,17.65,0.0,18.62
ALGM,585000000.0,4080000.0,66430000.0,3.26,0.0,0.0,3874.0,145.75,35.89,8.8,9.57,26.35,3.1,3.8,0.0,5.4,6.8,3.7,47.8,4.6,6.1,0.0,18959000.0,8495000.0,1.7,3.01,35.71,20.75,0.0,16.99
NGMS,109000000.0,0.0,5344000.0,2.34,0.0,0.0,153.0,0.0,53.08,20.39,18.92,16.66,2.4,2.4,0.57,0.0,0.0,12.0,0.0,0.0,0.0,0.0,2515000.0,553000.0,2.23,0.95,62.33,48.86,0.0,16.53
EBC,359000000.0,6690000.0,41210000.0,19.93,0.32,1.7,407.0,46.89,16.98,8.7,0.95,51.89,0.0,0.0,0.0,0.4,2.2,11.3,0.0,99.7,16.2,34.8,17217000.0,17028000.0,1.7,4.25,24.25,2.33,0.0,15.57
FOUR,726000000.0,3040000.0,102000000.0,3.55,0.0,0.0,1305.0,228.2,72.92,7.15,24.3,10.38,5.4,5.4,3.79,1.9,8.6,-4.9,22.7,-5.6,3.0,0.0,8290000.0,3993000.0,16.6,6.77,107.78,6.68,74.16,14.4
GATO,98021000.0,680000.0,0.0,4.7,0.0,0.0,620.0,0.0,14.57,0.0,3.17,33.12,0.0,9.8,0.0,0.6,0.6,0.0,0.0,0.0,0.0,0.0,5975000.0,3414000.0,7.59,3.07,19.0,3.4,0.0,14.27
CERT,565000000.0,-5500000.0,26180000.0,5.66,0.0,0.0,846.0,0.0,122.72,21.57,6.79,21.08,5.8,5.8,0.35,-4.6,-7.4,-2.1,57.2,-13.4,-21.0,0.0,14749000.0,14313000.0,1.07,3.25,35.6,48.02,0.0,13.91
VTRU,38625000.0,0.0,54128000.0,8.38,0.0,0.0,6174.0,0.0,2.98,0.71,2.0,3.27,1.9,1.9,0.44,0.0,0.0,5.6,0.0,0.0,0.0,0.0,2306000.0,2161000.0,0.03,0.67,0.0,17.96,0.0,13.56
PLTR,5187000000.0,-126370000.0,133000000.0,1.09,0.0,0.0,2439.0,0.0,127.14,39.05,24.5,22.15,3.9,3.9,0.0,-44.4,-76.0,-67.5,71.0,-95.2,-95.1,0.0,189000000.0,163000000.0,3.46,1.33,24.61,10.06,0.0,13.38
BCAB,133000000.0,-7710000.0,40000.0,5.29,0.0,0.0,36.0,0.0,0.0,3319.0,7.27,6.39,5.9,5.9,0.0,0.0,0.0,-15.7,0.0,0.0,0.0,0.0,3368000.0,2703000.0,10.99,12.2,0.0,-31.4,0.0,13.11
ABNB,10320000000.0,-490900000.0,442000000.0,5.55,0.0,0.0,5597.0,0.0,377.57,23.33,29.73,13.89,1.5,1.5,0.58,-41.7,-243.1,-74.2,57.6,-80.4,0.0,0.0,61174000.0,33564000.0,3.72,1.86,175.71,-9.89,0.0,12.4
DCT,633000000.0,-3290000.0,24780000.0,5.59,0.0,0.0,1405.0,0.0,797.7,25.53,8.7,17.38,5.5,5.5,0.0,0.0,0.0,-4.1,55.6,0.0,0.0,0.0,13098000.0,9547000.0,3.9,7.88,51.2,7.49,32.88,12.38
SNOW,9161000000.0,-76080000.0,85120000.0,16.68,0.0,0.0,2017.0,0.0,0.0,107.62,18.73,22.15,5.1,5.1,0.0,-12.9,-15.3,-11.1,58.5,-91.1,-89.4,0.0,29772000.0,28104000.0,4.22,2.82,318.11,35.85,0.0,11.05
ACCD,325000000.0,-8540000.0,19400000.0,15.28,0.0,0.0,1720.0,0.0,0.0,16.74,3.15,7.49,5.7,5.7,0.0,-14.5,-27.3,-12.0,44.7,-22.3,-24.8,0.0,6607000.0,5767000.0,4.56,5.61,63.0,10.3,47.48,10.53
VIH,26224000.0,0.0,0.0,6.39,0.0,0.0,0.0,0.0,0.0,0.0,1.72,291.38,0.3,0.3,0.0,0.0,0.0,0.0,0.0,0.0,0.0,0.0,2592000.0,1555000.0,45.19,8.45,0.0,-20.86,0.0,9.13
LIZI,21716000.0,-1720000.0,28440000.0,0.83,0.0,0.0,658.0,0.0,0.0,0.76,5.08,2.85,1.7,1.7,0.13,-23.4,-62.1,-43.0,26.9,-6.5,-6.0,0.0,4988000.0,2263000.0,8.62,1.27,0.0,-38.3,13.44,8.76
SOAC,43498000.0,-2150000.0,0.0,6.59,0.0,0.0,3.0,0.0,0.0,0.0,1.77,1449.95,0.1,0.1,0.0,-7.1,-8.3,0.0,0.0,0.0,0.0,0.0,3750000.0,2671000.0,6.97,4.05,0.0,14.27,15.4,8.64
LI,3208000000.0,-12520000.0,237000000.0,5.03,0.0,0.0,4181.0,0.0,83.76,13.56,6.16,5.95,5.0,5.2,0.25,-2.2,-3.0,-2.1,18.3,-7.9,-5.3,0.0,90505000.0,21628000.0,14.56,2.47,0.0,34.27,84.14,7.49
NRIX,149000000.0,-8910000.0,2290000.0,9.09,0.0,0.0,135.0,0.0,0.0,64.86,3.88,3.85,8.5,8.5,0.0,-20.7,-28.1,-15.3,0.0,0.0,0.0,0.0,4380000.0,4330000.0,8.05,8.05,49.17,-9.87,39.36,7.15
GTH,134000000.0,-5050000.0,7410000.0,2.5,0.0,0.0,799.0,0.0,0.0,18.11,6.0,7.17,7.3,7.5,0.06,-16.6,-19.7,-14.8,63.3,-74.7,-68.1,0.0,9198000.0,2726000.0,1.63,1.6,0.0,-29.74,27.23,7.14
FUBO,416000000.0,-60710000.0,41690000.0,4.39,0.0,0.0,220.0,0.0,0.0,9.97,6.74,10.22,0.0,2.0,0.51,-60.8,-166.6,-197.8,0.0,0.0,0.0,0.0,14053000.0,12721000.0,18.54,2.82,43.86,2.32,216.03,5.64
AZEK,641000000.0,-980000.0,110000000.0,8.98,0.0,0.0,1663.0,0.0,34.93,5.84,4.51,29.07,2.3,3.6,0.34,-0.5,-0.7,-2.9,33.6,2.7,-0.9,0.0,15385000.0,14993000.0,2.26,2.92,52.86,-5.82,6.36,5.28
PUBM,21342000.0,0.0,14870000.0,3.75,0.0,0.0,548.0,0.0,57.16,1.44,7.83,1.94,2.0,2.0,0.0,0.0,0.0,15.3,72.3,0.0,0.0,0.0,4911000.0,788000.0,35.4,2.11,46.75,-41.47,0.0,5.08
HRMY,209000000.0,1720000.0,23540000.0,2.22,0.0,0.0,150.0,129.9,14.32,8.86,17.03,13.07,5.5,5.6,1.55,4.8,16.1,-1.9,82.6,23.8,7.3,0.0,5694000.0,4612000.0,2.35,3.92,51.33,11.83,-8.67,4.56
NCNO,697000000.0,-4980000.0,23970000.0,4.5,0.0,0.0,1115.0,0.0,0.0,29.07,16.7,178.22,3.3,3.3,0.04,-7.3,-9.5,-9.8,58.5,-17.8,-16.9,0.0,9440000.0,9274000.0,4.46,6.17,85.63,6.84,-5.2,3.77
HYFM,232000000.0,-80000.0,42930000.0,14.85,0.0,0.0,327.0,0.0,36.13,5.4,3.67,11.98,3.5,5.3,0.0,-0.2,-0.3,1.3,20.3,1.5,-0.2,0.0,3786000.0,3671000.0,3.66,2.16,69.5,3.12,0.0,3.75
CND,36526000.0,0.0,0.0,7.45,0.0,0.0,2.0,0.0,0.0,0.0,1.4,608.76,8.9,8.9,0.0,0.0,0.0,0.0,0.0,0.0,0.0,0.0,3525000.0,2241000.0,5.59,1.88,0.0,4.82,0.0,3.47
GDRX,1570000000.0,-31560000.0,63110000.0,2.02,0.0,0.0,450.0,0.0,80.1,24.87,20.62,17.54,16.4,16.4,0.81,-20.6,-41.5,-19.3,93.9,-58.1,-50.0,0.0,40836000.0,6906000.0,27.65,11.04,41.71,-1.68,0.0,3.25
TLS,217000000.0,-2980000.0,20060000.0,2.47,0.0,0.0,785.0,0.0,48.45,10.83,13.75,16.59,4.6,4.6,0.09,-17.5,-43.5,10.1,33.7,-11.5,-14.9,0.0,6662000.0,5778000.0,3.23,2.59,42.33,8.08,0.0,2.97
ABST,75284000.0,470000.0,15160000.0,0.7,0.27,2.22,535.0,133.74,88.83,4.97,17.39,4.28,1.4,1.4,0.45,1.9,39.7,13.1,86.9,4.8,3.1,243.5,4764000.0,3739000.0,1.03,4.38,0.0,-18.43,-4.62,2.18
KYMR,326000000.0,-5840000.0,6450000.0,5.72,0.0,0.0,112.0,0.0,0.0,50.58,11.06,9.09,3.4,3.4,0.01,-12.3,-21.0,-16.2,0.0,-91.1,-90.5,0.0,4509000.0,2830000.0,7.07,4.2,76.29,16.04,114.01,2.0
WMG,2000000000.0,27100000.0,505000000.0,0.16,0.6,1.56,5500.0,73.09,37.73,3.96,240.75,45.24,0.6,0.6,41.57,4.0,0.0,-9.4,48.6,10.9,5.4,91.1,51435000.0,9449000.0,4.82,8.61,41.93,10.21,32.42,1.4
BRLI,6166000.0,0.0,0.0,0.0,0.0,0.0,0.0,0.0,0.0,0.0,0.0,0.0,0.0,0.0,0.0,0.0,0.0,0.0,0.0,0.0,0.0,0.0,611000.0,0.0,0.0,1.76,0.0,-1.56,0.0,0.8
DBDR,29335000.0,0.0,0.0,6.53,0.0,0.0,3.0,0.0,0.0,0.0,1.55,0.0,0.2,0.2,0.0,0.0,0.0,0.0,0.0,0.0,0.0,0.0,2895000.0,1737000.0,1.07,2.44,0.0,1.2,0.0,0.3
TMTS,25150000.0,0.0,0.0,6.78,0.0,0.0,2.0,0.0,0.0,0.0,1.48,2515.0,0.3,0.3,0.0,0.0,0.0,0.0,0.0,0.0,0.0,0.0,2500000.0,1444000.0,0.33,0.54,0.0,1.0,0.0,0.0
MLAC,17812000.0,-730000.0,0.0,8.88,0.0,0.0,0.0,0.0,0.0,0.0,1.11,890.59,0.0,0.0,0.0,-5.1,-5.6,0.0,0.0,0.0,0.0,0.0,1438000.0,1438000.0,0.27,0.91,0.0,-0.6,0.0,-0.2
SGAM,18044000.0,0.0,0.0,6.97,0.0,0.0,0.0,0.0,0.0,0.0,1.43,601.46,1.6,1.6,0.0,0.0,0.0,0.0,0.0,0.0,0.0,0.0,1797000.0,1438000.0,0.71,1.93,0.0,0.3,0.0,-0.4
HZAC,68005000.0,0.0,0.0,7.4,0.0,0.0,0.0,0.0,43.92,0.0,1.35,850.07,0.9,0.9,0.0,0.0,0.0,0.0,0.0,0.0,0.0,0.0,6800000.0,2520000.0,0.23,0.27,0.0,-1.38,0.0,-0.5
ACIC,62380000.0,0.0,0.0,7.27,0.0,0.0,0.0,0.0,0.0,0.0,1.38,2079.33,0.1,0.1,0.0,0.0,0.0,0.0,0.0,0.0,0.0,0.0,6250000.0,4995000.0,18.49,10.48,0.0,-8.51,0.0,-0.6
BREZ,14703000.0,860000.0,0.0,7.11,0.0,0.0,0.0,17.1,0.0,0.0,1.42,735.15,0.8,0.8,0.0,9.8,11.1,0.0,0.0,0.0,0.0,0.0,1462000.0,1206000.0,0.28,2.83,0.0,0.61,0.0,-0.78
GNRS,21958000.0,0.0,0.0,0.0,0.0,0.0,0.0,0.0,0.0,0.0,0.0,0.0,0.0,0.0,0.0,0.0,0.0,0.0,0.0,0.0,0.0,0.0,2189000.0,2189000.0,1.33,4.22,0.0,-0.1,1.32,-0.99
ADOC,11952000.0,0.0,0.0,28.16,0.0,0.0,0.0,0.0,0.0,0.0,0.36,199.2,1.5,1.5,0.0,0.0,0.0,0.0,0.0,0.0,0.0,0.0,955000.0,791000.0,0.01,0.05,0.0,-1.75,0.0,-1.17
INBX,120000000.0,-7810000.0,1050000.0,1.17,0.0,0.0,91.0,0.0,0.0,114.4,27.85,9.56,6.1,6.1,0.0,-56.5,-114.9,-64.4,0.0,0.0,0.0,0.0,3782000.0,2274000.0,4.48,4.97,40.5,38.46,82.11,-1.18
ZCMD,3987000.0,450000.0,1800000.0,1.28,0.0,0.0,88.0,9.28,0.0,2.21,1.31,2.33,9.9,9.9,0.0,18.1,20.3,12.6,66.0,25.0,24.8,0.0,2494000.0,949000.0,1.35,0.33,0.0,-6.67,-2.33,-1.18
BWAC,16158000.0,0.0,0.0,7.62,0.0,0.0,0.0,0.0,0.0,0.0,1.32,230.83,4.6,4.6,0.0,0.0,0.0,0.0,0.0,0.0,0.0,0.0,1611000.0,1295000.0,1.36,5.88,0.0,0.1,0.0,-1.18
SEAH,105000000.0,0.0,0.0,6.36,0.0,0.0,0.0,0.0,0.0,0.0,1.57,3494.0,0.1,0.1,0.0,0.0,0.0,0.0,0.0,0.0,0.0,0.0,5625000.0,4485000.0,0.5,0.55,0.0,0.0,0.0,-1.19
ZNTE,28951000.0,0.0,0.0,6.83,0.0,0.0,3.0,0.0,0.0,0.0,1.47,222.7,0.6,0.6,0.0,0.0,0.0,0.0,0.0,0.0,0.0,0.0,2875000.0,1725000.0,0.92,1.25,0.0,-1.56,0.0,-1.23
STWO,31064000.0,0.0,0.0,7.14,0.0,0.0,2.0,0.0,0.0,0.0,1.39,0.0,0.5,0.5,0.0,0.0,0.0,0.0,0.0,0.0,0.0,0.0,3125000.0,2500000.0,1.08,3.17,0.0,-0.2,0.0,-1.29
GLAQ,15080000.0,0.0,0.0,7.7,0.0,0.0,0.0,0.0,0.0,0.0,1.3,754.01,0.6,0.6,0.01,0.0,0.0,0.0,0.0,0.0,0.0,0.0,1505000.0,1222000.0,0.04,0.18,0.0,0.0,0.0,-1.76
DEH,42994000.0,-3360000.0,0.0,6.51,0.0,0.0,0.0,0.0,0.0,0.0,1.53,2149.69,0.1,0.1,0.0,-9.7,-11.0,0.0,0.0,0.0,0.0,0.0,4312000.0,3450000.0,3.26,2.79,0.0,-0.99,2.36,-1.77
VTAQ,21474000.0,0.0,0.0,7.98,0.0,0.0,0.0,0.0,0.0,0.0,1.25,429.48,3.5,3.5,0.0,0.0,0.0,0.0,0.0,0.0,0.0,0.0,2156000.0,1727000.0,0.02,0.16,0.0,-2.73,0.0,-1.8
PTK,13001000.0,-330000.0,0.0,7.19,0.0,0.0,0.0,0.0,0.0,0.0,1.38,1300.12,0.0,0.0,0.0,-3.9,-4.2,0.0,0.0,0.0,0.0,0.0,1438000.0,992000.0,0.37,1.87,0.0,-0.25,0.0,-1.82
LNFA,21475000.0,0.0,0.0,6.97,0.0,0.0,2.0,0.0,0.0,0.0,1.43,165.2,2.4,2.4,0.0,0.0,0.0,0.0,0.0,0.0,0.0,0.0,2156000.0,1294000.0,0.01,0.05,0.0,0.61,0.0,-1.87
OCA,25429000.0,0.0,0.0,7.0,0.0,0.0,0.0,0.0,0.0,0.0,1.41,508.58,0.3,0.3,0.0,0.0,0.0,0.0,0.0,0.0,0.0,0.0,2581000.0,1549000.0,3.83,9.58,0.0,-0.7,0.0,-1.89
MUDS,38977000.0,0.0,0.0,4.43,0.0,0.0,4.0,0.0,0.0,0.0,2.23,1299.22,0.1,0.1,0.0,0.0,0.0,0.0,0.0,0.0,0.0,0.0,3953000.0,2372000.0,6.73,1.05,0.0,-0.65,0.0,-1.89
MAAC,51136000.0,0.0,0.0,6.65,0.0,0.0,0.0,0.0,0.0,0.0,1.5,426.13,0.1,0.1,0.0,0.0,0.0,0.0,0.0,0.0,0.0,0.0,5134000.0,3080000.0,1.32,1.94,0.0,1.01,0.0,-1.97
DWIN,25225000.0,0.0,0.0,33.23,0.0,0.0,0.0,0.0,0.0,0.0,0.29,210.21,36.7,0.0,0.0,0.0,0.0,0.0,0.0,0.0,0.0,0.0,566000.0,0.0,0.0,1.29,0.0,-4.2,0.0,-2.0
ACKIT,0.0,0.0,0.0,0.0,0.0,0.0,0.0,0.0,0.0,0.0,0.0,0.0,0.0,0.0,0.0,0.0,0.0,0.0,0.0,0.0,0.0,0.0,0.0,0.0,0.0,2.04,0.0,-1.96,0.0,-2.06
CPSR,34253000.0,-470000.0,0.0,7.13,0.0,0.0,0.0,0.0,0.0,0.0,1.39,428.17,0.4,0.4,0.0,-1.7,-1.9,0.0,0.0,0.0,0.0,0.0,3450000.0,2070000.0,1.11,2.82,0.0,-0.5,1.17,-2.07
DSAC,21370000.0,0.0,0.0,7.06,0.0,0.0,0.0,0.0,0.0,0.0,1.38,0.0,0.3,0.3,0.0,0.0,0.0,0.0,0.0,0.0,0.0,0.0,2188000.0,1750000.0,0.12,0.51,0.0,-2.6,0.0,-2.21
CTAC,33273000.0,0.0,0.0,6.96,0.0,0.0,0.0,0.0,0.0,0.0,1.43,475.33,0.2,0.2,0.0,0.0,0.0,0.0,0.0,0.0,0.0,0.0,3322000.0,1959000.0,0.71,1.02,0.0,-2.16,0.0,-2.25
YAC,42826000.0,-120000.0,0.0,7.08,0.0,0.0,30.0,0.0,0.0,0.0,1.39,856.52,0.2,0.2,0.0,-0.3,-0.4,0.0,0.0,0.0,0.0,0.0,4312000.0,2588000.0,0.03,0.07,0.0,-1.4,0.0,-2.28
VHAQ,25059000.0,0.0,0.0,7.58,0.0,0.0,0.0,0.0,0.0,0.0,1.31,227.81,0.2,0.2,0.0,0.0,0.0,0.0,0.0,0.0,0.0,0.0,2516000.0,2012000.0,0.04,0.29,0.0,-1.19,0.0,-2.35
XPEV,3668000000.0,-74260000.0,179000000.0,6.29,0.0,0.0,5084.0,0.0,0.0,20.49,6.64,8.03,3.6,3.9,0.05,-11.6,-15.9,-11.8,10.5,-45.1,-41.5,0.0,79619000.0,37815000.0,3.46,0.97,0.0,39.37,119.5,-2.47
PCVX,140000000.0,-8670000.0,0.0,6.15,0.0,0.0,58.0,0.0,0.0,0.0,4.21,4.8,7.4,7.4,0.0,-22.6,-25.6,0.0,0.0,0.0,0.0,0.0,5151000.0,4354000.0,6.53,13.3,0.0,4.56,-33.33,-2.52
KWAC,14538000.0,0.0,0.0,7.05,0.0,0.0,2.0,0.0,0.0,0.0,1.42,121.15,3.0,3.0,0.0,0.0,0.0,0.0,0.0,0.0,0.0,0.0,1475000.0,840000.0,0.57,1.0,0.0,0.0,0.0,-2.52
TACA,28521000.0,0.0,0.0,7.16,0.0,0.0,1.0,0.0,0.0,0.0,1.38,203.72,0.9,0.9,0.0,0.0,0.0,0.0,0.0,0.0,0.0,0.0,2875000.0,1725000.0,0.31,1.6,0.0,-1.49,0.0,-2.56
BIGC,447000000.0,-4310000.0,17860000.0,2.99,0.0,0.0,813.0,0.0,0.0,25.01,20.89,21.97,5.7,5.7,0.0,-16.5,-21.5,-17.9,78.6,-25.0,-24.1,0.0,7062000.0,5891000.0,13.22,6.46,74.64,4.57,-41.61,-2.62
CAS,28347000.0,0.0,0.0,7.27,0.0,0.0,0.0,0.0,0.0,0.0,1.36,257.7,0.1,0.1,0.0,0.0,0.0,0.0,0.0,0.0,0.0,0.0,2875000.0,1695000.0,0.04,0.14,2.5,-3.24,0.0,-2.76
FTCV,35351000.0,0.0,0.0,6.17,0.0,0.0,0.0,0.0,0.0,0.0,1.68,1178.38,0.4,0.4,0.0,0.0,0.0,0.0,0.0,0.0,0.0,0.0,3419000.0,2500000.0,8.25,3.55,0.0,1.27,0.0,-2.81
ABCM,475000000.0,0.0,26930000.0,2.87,0.0,0.0,1600.0,0.0,0.0,17.63,7.3,0.0,0.0,0.0,0.0,0.0,0.0,0.0,0.0,0.0,0.0,0.0,22678000.0,18747000.0,0.03,0.39,0.0,0.62,0.0,-2.83
ALTU,36680000.0,0.0,0.0,7.19,0.0,0.0,0.0,0.0,0.0,0.0,1.36,1833.98,3.0,3.0,0.0,0.0,0.0,0.0,0.0,0.0,0.0,0.0,3750000.0,2250000.0,2.38,5.28,0.0,-6.12,0.0,-2.87
TVAC,21656000.0,0.0,0.0,6.91,0.0,0.0,0.0,0.0,0.0,0.0,1.45,433.13,1.9,1.9,0.0,0.0,0.0,0.0,0.0,0.0,0.0,0.0,2156000.0,1725000.0,0.15,0.34,0.0,0.6,0.0,-3.09
DDMX,12767000.0,0.0,0.0,0.31,0.0,0.0,0.0,0.0,0.0,0.0,31.69,0.0,0.0,0.0,0.0,0.0,0.0,0.0,0.0,0.0,0.0,0.0,1287000.0,0.0,0.0,0.53,0.0,-0.3,0.0,-3.12
ACEV,28443000.0,-2180000.0,0.0,6.41,0.0,0.0,0.0,0.0,0.0,0.0,1.54,0.0,0.1,0.1,0.0,-9.4,-11.0,0.0,0.0,0.0,0.0,0.0,2875000.0,1150000.0,4.87,1.68,0.0,-6.6,0.0,-3.13
HCAR,39911000.0,0.0,0.0,7.14,0.0,0.0,0.0,0.0,0.0,0.0,1.36,665.18,3.1,3.1,0.0,0.0,0.0,0.0,0.0,0.0,0.0,0.0,4140000.0,2484000.0,0.29,1.25,0.0,-2.02,0.0,-3.2
FPAC,59700000.0,0.0,0.0,0.07,0.0,0.0,0.0,0.0,0.0,0.0,138.19,0.0,0.0,0.0,0.0,0.0,0.0,0.0,0.0,0.0,0.0,0.0,6000000.0,0.0,0.0,3.2,0.0,-0.1,0.0,-3.21
IBEX,32273000.0,-500000.0,43570000.0,4.2,0.0,0.0,22500.0,0.0,12.9,0.74,4.31,5.16,1.4,1.4,1.46,-2.0,-8.3,14.1,0.0,1.6,-1.1,0.0,1808000.0,561000.0,1.01,2.23,26.4,-17.4,48.04,-3.26
DUNE,21088000.0,0.0,0.0,7.23,0.0,0.0,0.0,0.0,0.0,0.0,1.35,702.92,2.2,2.2,0.0,0.0,0.0,0.0,0.0,0.0,0.0,0.0,2156000.0,1294000.0,0.2,0.9,0.0,-1.31,0.0,-3.27
MEDS,4180000.0,-540000.0,1330000.0,0.71,0.0,0.0,43.0,0.0,19.43,3.14,7.2,9.29,7.4,7.6,0.03,-56.5,-64.5,-28.2,32.3,-40.3,-40.7,0.0,812000.0,331000.0,0.12,0.0,8.67,-14.69,-9.8,-3.4
AMTI,123000000.0,-8000000.0,0.0,5.46,0.0,0.0,100.0,0.0,0.0,0.0,5.44,6.14,25.3,25.3,0.0,-49.3,-53.1,0.0,0.0,0.0,0.0,0.0,3813000.0,2943000.0,10.48,14.24,0.0,-54.08,17.47,-3.41
IGAC,36569000.0,0.0,0.0,7.04,0.0,0.0,0.0,0.0,0.0,0.0,1.39,731.38,364.4,0.0,0.0,0.0,0.0,0.0,0.0,0.0,0.0,0.0,3750000.0,2250000.0,0.26,0.85,0.0,-1.91,0.0,-3.55
IMPX,48651000.0,0.0,0.0,7.18,0.0,0.0,0.0,0.0,0.0,0.0,1.36,405.43,0.1,0.1,0.0,0.0,0.0,0.0,0.0,0.0,0.0,0.0,5000000.0,2750000.0,0.4,1.4,0.0,-2.6,0.0,-3.56
HIGA,44450000.0,0.0,0.0,7.24,0.0,0.0,0.0,0.0,0.0,0.0,1.35,0.0,0.5,0.5,0.0,0.0,0.0,0.0,0.0,0.0,0.0,0.0,4549000.0,3640000.0,0.39,3.8,0.0,-2.69,0.0,-3.56
IVA,54005000.0,0.0,454000.0,0.0,0.0,0.0,95.0,0.0,0.0,118.85,0.0,0.0,0.0,0.0,0.0,0.0,0.0,0.0,0.0,0.0,0.0,0.0,3863000.0,1021000.0,1.78,17.58,0.0,3.17,19.69,-3.59
SVOK,32036000.0,0.0,0.0,7.33,0.0,0.0,0.0,0.0,0.0,0.0,1.35,355.96,1.1,1.1,0.0,0.0,0.0,0.0,0.0,0.0,0.0,0.0,3234000.0,1941000.0,0.72,0.73,0.0,0.1,0.0,-3.6
PMVC,21399000.0,40000.0,0.0,7.18,0.0,0.0,0.0,575.29,0.0,0.0,1.36,133.74,12.0,12.0,0.0,0.2,0.2,0.0,0.0,0.0,0.0,0.0,2188000.0,1312000.0,0.11,0.48,0.0,-4.49,0.0,-3.65
RCHG,24574000.0,0.0,0.0,7.25,0.0,0.0,0.0,0.0,0.0,0.0,1.35,245.74,3.0,3.0,0.0,0.0,0.0,0.0,0.0,0.0,0.0,0.0,2505000.0,1503000.0,0.55,3.16,0.0,-4.76,0.0,-3.73
SCVX,28535000.0,-310000.0,0.0,7.0,0.0,0.0,0.0,0.0,0.0,0.0,1.42,570.71,0.3,0.3,0.0,-1.3,-1.5,0.0,0.0,0.0,0.0,0.0,2875000.0,1725000.0,0.18,0.68,0.0,-1.05,0.35,-3.74
TEKK,30371000.0,0.0,0.0,7.05,0.0,0.0,0.0,0.0,0.0,0.0,1.38,506.18,0.6,0.6,0.0,0.0,0.0,0.0,0.0,0.0,0.0,0.0,3125000.0,2400000.0,0.07,0.46,0.0,-3.0,0.0,-3.77
GOAC,70433000.0,120000.0,0.0,7.3,0.0,0.0,0.0,362.96,0.0,0.0,1.34,704.33,2.4,2.4,0.0,0.2,0.2,0.0,0.0,0.0,0.0,0.0,7188000.0,4312000.0,0.29,2.52,0.0,-2.49,0.0,-3.83
KINZ,34204000.0,0.0,0.0,36.16,0.0,0.0,0.0,0.0,0.0,0.0,0.27,488.63,2.1,2.1,0.0,0.0,0.0,0.0,0.0,0.0,0.0,0.0,690000.0,0.0,0.0,0.2,0.0,-0.7,0.0,-4.34
ETAC,74367000.0,220000.0,0.0,7.33,0.0,0.0,0.0,349.29,0.0,0.0,1.33,1062.39,3.7,3.7,0.0,0.4,0.4,0.0,0.0,0.0,0.0,0.0,7620000.0,6120000.0,0.29,1.4,0.0,-1.81,0.0,-4.4
VII,50466000.0,0.0,0.0,7.13,0.0,0.0,0.0,0.0,0.0,0.0,1.36,504.66,1.3,1.3,0.0,0.0,0.0,0.0,0.0,0.0,0.0,0.0,2875000.0,2300000.0,0.2,7.54,0.0,-4.23,0.0,-4.42
CONX,91613000.0,0.0,0.0,7.29,0.0,0.0,0.0,0.0,0.0,0.0,1.34,1017.93,0.0,0.0,0.0,0.0,0.0,0.0,0.0,0.0,0.0,0.0,9375000.0,7500000.0,0.31,1.91,0.0,-2.4,0.0,-4.5
FVAM,10379000.0,0.0,0.0,7.53,0.0,0.0,0.0,0.0,0.0,0.0,1.29,129.74,5.3,5.3,0.0,0.0,0.0,0.0,0.0,0.0,0.0,0.0,1069000.0,656000.0,0.0,0.0,0.0,-8.92,0.0,-4.62
BTAQ,43876000.0,50000.0,0.0,7.2,0.0,0.0,0.0,283.43,0.0,0.0,1.38,626.8,1.9,1.9,0.0,0.1,0.2,0.0,0.0,0.0,0.0,0.0,4419000.0,2554000.0,1.15,2.58,0.0,-1.0,0.0,-4.71
VVOS,13017000.0,-1550000.0,1450000.0,1.76,0.0,0.0,93.0,0.0,0.0,8.98,3.2,3.81,4.2,4.2,0.04,-60.8,-101.9,-66.2,79.7,0.0,0.0,0.0,2074000.0,1784000.0,0.25,0.01,0.0,-17.21,0.0,-4.74
SNRH,50197000.0,0.0,0.0,7.23,0.0,0.0,0.0,0.0,0.0,0.0,1.34,717.11,2.8,2.8,0.0,0.0,0.0,0.0,0.0,0.0,0.0,0.0,5175000.0,4140000.0,0.05,0.17,0.0,-1.92,0.0,-4.9
CCAC,34362000.0,-220000.0,0.0,7.03,0.0,0.0,0.0,0.0,0.0,0.0,1.42,3436.2,0.1,0.1,0.0,-0.8,-0.9,0.0,0.0,0.0,0.0,0.0,3450000.0,2070000.0,3.0,2.42,0.0,-4.69,1.94,-4.96
GFX,41739000.0,0.0,0.0,7.16,0.0,0.0,0.0,0.0,0.0,0.0,1.35,596.27,0.1,0.1,0.0,0.0,0.0,0.0,0.0,0.0,0.0,0.0,4312000.0,2588000.0,0.15,0.49,0.0,-1.42,0.0,-5.0
AVAN,73054000.0,0.0,0.0,7.09,0.0,0.0,0.0,0.0,0.0,0.0,1.38,0.0,4.3,4.3,0.0,0.0,0.0,0.0,0.0,0.0,0.0,0.0,7500000.0,5990000.0,0.11,0.6,0.0,-2.5,0.0,-5.06
COOL,48429000.0,0.0,0.0,7.25,0.0,0.0,6.0,0.0,0.0,0.0,1.34,372.53,9.4,9.4,0.0,0.0,0.0,0.0,0.0,0.0,0.0,0.0,5000000.0,4000000.0,0.28,1.75,0.0,-2.81,0.0,-5.1
CBAH,42079000.0,0.0,0.0,8.89,0.0,0.0,0.0,0.0,0.0,0.0,1.12,1051.96,0.7,0.7,0.0,0.0,0.0,0.0,0.0,0.0,0.0,0.0,4226000.0,4024000.0,0.05,0.05,0.0,0.4,0.0,-5.15
TINV,34944000.0,0.0,0.0,6.83,0.0,0.0,0.0,0.0,0.0,0.0,1.48,436.8,2.0,2.0,0.0,0.0,0.0,0.0,0.0,0.0,0.0,0.0,3450000.0,2760000.0,0.23,1.35,0.0,-0.78,0.0,-5.15
SHC,723000000.0,900000.0,88090000.0,1.87,0.0,0.0,3000.0,530.0,24.8,8.21,13.89,46.31,2.5,2.7,3.58,0.3,4.7,7.1,55.3,18.8,1.0,0.0,27908000.0,27513000.0,0.73,2.8,32.44,-4.56,0.0,-5.36
NOAC,27858000.0,0.0,0.0,7.59,0.0,0.0,2.0,0.0,0.0,0.0,1.28,253.26,6.6,6.6,0.0,0.0,0.0,0.0,0.0,0.0,0.0,0.0,2875000.0,2249000.0,0.09,0.56,0.0,-3.48,0.0,-5.37
MSP,412000000.0,4460000.0,56620000.0,10.87,0.0,0.0,1743.0,106.86,47.21,7.28,2.35,23.07,2.8,3.1,0.0,2.4,2.9,2.6,71.7,10.5,7.9,0.0,16147000.0,15179000.0,2.46,14.54,33.2,3.61,0.0,-5.41
JYAC,13042000.0,0.0,0.0,7.54,0.0,0.0,0.0,0.0,0.0,0.0,1.29,108.68,11.9,11.9,0.0,0.0,0.0,0.0,0.0,0.0,0.0,0.0,1345000.0,827000.0,0.0,0.06,0.0,-8.97,0.0,-5.44
HZON,63977000.0,0.0,0.0,7.35,0.0,0.0,0.0,0.0,0.0,0.0,1.33,1279.54,0.4,0.4,0.0,0.0,0.0,0.0,0.0,0.0,0.0,0.0,6562000.0,3938000.0,1.04,1.82,0.0,-10.95,0.0,-5.52
MOTV,50353000.0,0.0,0.0,7.32,0.0,0.0,0.0,0.0,0.0,0.0,1.33,503.53,1.1,1.1,0.0,0.0,0.0,0.0,0.0,0.0,0.0,0.0,5175000.0,4140000.0,0.15,1.24,0.0,-2.21,0.0,-5.63
NARI,409000000.0,2500000.0,20820000.0,4.47,0.0,0.0,456.0,183.71,229.89,19.63,18.41,23.23,6.7,7.2,0.0,11.0,12.1,8.9,92.1,12.2,12.0,0.0,4967000.0,3874000.0,3.03,2.17,119.67,-17.15,15.64,-5.72
PRPB,106000000.0,-2220000.0,0.0,6.75,0.0,0.0,0.0,0.0,0.0,0.0,1.45,2658.25,0.7,0.7,0.0,-2.7,-3.0,0.0,0.0,0.0,0.0,0.0,10850000.0,5710000.0,0.91,2.17,0.0,-3.83,0.0,-5.77
CRHC,101000000.0,0.0,0.0,7.26,0.0,0.0,1.0,0.0,0.0,0.0,1.35,10132.22,0.3,0.3,0.0,0.0,0.0,0.0,0.0,0.0,0.0,0.0,10350000.0,8280000.0,0.5,1.79,0.0,-2.97,0.0,-5.86
BOAC,74115000.0,0.0,0.0,6.95,0.0,0.0,0.0,0.0,0.0,0.0,1.41,435.97,11.8,11.8,0.0,0.0,0.0,0.0,0.0,0.0,0.0,0.0,7594000.0,6075000.0,0.57,1.68,0.0,-3.55,0.0,-5.88
CTAQ,49628000.0,0.0,0.0,7.33,0.0,0.0,3.0,0.0,0.0,0.0,1.32,992.56,0.0,0.0,0.0,0.0,0.0,0.0,0.0,0.0,0.0,0.0,5121000.0,3019000.0,0.03,0.14,0.0,-4.33,0.0,-5.91
LFTR,25185000.0,0.0,0.0,7.22,0.0,0.0,0.0,0.0,0.0,0.0,1.35,629.61,0.4,0.4,0.0,0.0,0.0,0.0,0.0,0.0,0.0,0.0,2589000.0,1553000.0,0.6,1.64,0.0,-4.71,0.0,-6.09
VYGG,62954000.0,0.0,0.0,7.2,0.0,0.0,0.0,0.0,0.0,0.0,1.36,314.77,1.8,1.8,0.0,0.0,0.0,0.0,0.0,0.0,0.0,0.0,7188000.0,3515000.0,0.2,0.4,0.0,-8.0,0.0,-6.14
REYN,589000000.0,40600000.0,334000000.0,7.84,0.92,3.26,5450.0,14.57,14.96,1.76,3.6,40.93,1.1,2.3,1.29,7.7,23.1,12.0,27.9,17.5,10.9,47.0,20970000.0,5420000.0,5.89,7.77,33.4,-1.78,-10.9,-6.16
MTAC,30814000.0,0.0,0.0,7.31,0.0,0.0,0.0,0.0,0.0,0.0,1.35,513.57,3.3,3.3,0.0,0.0,0.0,0.0,0.0,0.0,0.0,0.0,3125000.0,1875000.0,0.1,0.18,0.0,-0.3,0.0,-6.18
SCOA,69939000.0,0.0,0.0,7.23,0.0,0.0,0.0,0.0,0.0,0.0,1.35,1748.48,6.3,6.3,0.0,0.0,0.0,0.0,0.0,0.0,0.0,0.0,7188000.0,5750000.0,2.31,13.17,0.0,-2.16,0.0,-6.44
APSG,99348000.0,200000.0,0.0,7.19,0.0,0.0,0.0,885.45,0.0,0.0,1.35,1655.8,0.2,0.2,0.01,0.3,0.4,0.0,0.0,0.0,0.0,0.0,10210000.0,7500000.0,0.15,0.78,0.0,-4.7,0.0,-6.44
XPOA,36525000.0,-1330000.0,0.0,7.1,0.0,0.0,0.0,0.0,0.0,0.0,1.37,913.12,0.7,0.7,0.0,-5.9,-6.8,0.0,0.0,0.0,0.0,0.0,3750000.0,2238000.0,0.46,0.6,0.0,-4.13,0.0,-6.44
LSAQ,10020000.0,-60000.0,0.0,10.05,0.0,0.0,0.0,0.0,0.0,0.0,0.99,250.5,4.1,4.1,0.0,-0.9,-0.9,0.0,0.0,0.0,0.0,0.0,1001000.0,864000.0,1.28,4.2,0.0,-5.85,0.0,-6.47
HTPA,29136000.0,0.0,0.0,0.0,0.0,0.0,0.0,0.0,0.0,0.0,0.0,0.0,0.0,0.0,0.0,0.0,0.0,0.0,0.0,0.0,0.0,0.0,3000000.0,2988000.0,0.18,2.51,0.0,-3.46,0.0,-6.79
PIPP,26563000.0,0.0,0.0,7.21,0.0,0.0,0.0,0.0,0.0,0.0,1.35,2656.29,1.1,1.1,0.0,0.0,0.0,0.0,0.0,0.0,0.0,0.0,2730000.0,1638000.0,2.19,3.83,0.0,-6.26,0.0,-6.8
CFIV,61668000.0,-190000.0,0.0,7.53,0.0,0.0,0.0,0.0,0.0,0.0,1.29,6166.82,0.6,0.6,0.0,-0.5,-0.5,0.0,0.0,0.0,0.0,0.0,6350000.0,5100000.0,0.32,3.85,0.0,-2.63,0.0,-6.9
DMYI,37497000.0,0.0,0.0,6.55,0.0,0.0,0.0,0.0,0.0,0.0,1.53,0.0,0.2,0.2,0.0,0.0,0.0,0.0,0.0,0.0,0.0,0.0,3750000.0,2250000.0,1.2,0.69,0.0,-11.49,0.0,-7.31
FMAC,92346000.0,0.0,0.0,7.11,0.0,0.0,0.0,0.0,0.0,0.0,1.37,1846.92,0.9,0.9,0.0,0.0,0.0,0.0,0.0,0.0,0.0,0.0,5172000.0,4140000.0,0.18,0.63,0.0,-6.06,0.0,-7.83
GHLD,88046000.0,42930000.0,204000000.0,14.14,0.0,0.0,4400.0,2.05,4.5,0.43,1.04,2.73,0.0,0.0,3.64,9.3,54.1,10.0,0.0,31.2,21.0,0.0,6000000.0,895000.0,0.07,0.34,18.8,0.65,0.0,-7.9
GSAH,93570000.0,-4420000.0,0.0,6.97,0.0,0.0,0.0,0.0,0.0,0.0,1.44,1169.62,0.0,0.0,0.0,-5.9,-6.6,0.0,0.0,0.0,0.0,0.0,9375000.0,7500000.0,0.36,0.2,0.0,-8.74,-3.0,-7.98
TREB,64048000.0,-1200000.0,0.0,8.77,0.0,0.0,0.0,0.0,0.0,0.0,1.13,6404.83,0.2,0.2,0.0,-2.3,-2.6,0.0,0.0,0.0,0.0,0.0,5175000.0,3881000.0,0.21,0.19,0.0,-3.03,-1.54,-8.16
LOKB,31618000.0,0.0,0.0,8.53,0.0,0.0,4.0,0.0,0.0,0.0,1.17,1580.92,0.0,0.0,0.0,0.0,0.0,0.0,0.0,0.0,0.0,0.0,2530000.0,1898000.0,0.6,0.72,0.0,-0.89,0.0,-8.18
FLAC,17371000.0,0.0,0.0,7.27,0.0,0.0,0.0,0.0,0.0,0.0,1.36,217.14,10.3,10.3,0.0,0.0,0.0,0.0,0.0,0.0,0.0,0.0,1775000.0,1430000.0,0.12,0.93,0.0,0.0,0.0,-8.19
SQFT,4280000.0,-660000.0,2170000.0,5.41,0.41,10.57,22.0,0.0,0.0,1.97,0.72,1.46,0.0,0.0,1.75,-3.8,-17.1,1.1,64.3,6.2,-30.2,0.0,951000.0,40000.0,5.43,0.09,5.67,7.48,0.0,-8.49
RPTX,119000000.0,-7670000.0,60000.0,6.62,0.0,0.0,117.0,0.0,0.0,1984.23,4.73,4.05,13.3,13.3,0.0,-22.1,-27.9,-18.5,0.0,0.0,0.0,0.0,3704000.0,3661000.0,2.66,7.25,46.71,16.21,15.61,-8.66
SPFR,43124000.0,0.0,0.0,7.07,0.0,0.0,2.0,0.0,0.0,0.0,1.41,4312.36,0.2,0.2,0.0,0.0,0.0,0.0,0.0,0.0,0.0,0.0,4312000.0,2588000.0,2.0,2.34,13.0,-2.54,0.0,-8.69
CALT,76585000.0,0.0,0.0,0.0,0.0,0.0,54.0,0.0,0.0,0.0,0.0,0.0,0.0,0.0,0.0,0.0,0.0,0.0,0.0,0.0,0.0,0.0,2497000.0,1527000.0,0.25,1.69,51.4,6.09,36.49,-8.77
IIII,33179000.0,0.0,0.0,6.73,0.0,0.0,0.0,0.0,0.0,0.0,1.45,3317.93,1.4,1.4,0.0,0.0,0.0,0.0,0.0,0.0,0.0,0.0,3410000.0,1648000.0,0.05,0.23,0.0,-7.33,0.0,-8.81
SV,26358000.0,0.0,0.0,6.85,0.0,0.0,0.0,0.0,0.0,0.0,1.34,202.75,14.3,14.3,0.0,0.0,0.0,0.0,0.0,0.0,0.0,0.0,2875000.0,2045000.0,4.38,3.52,0.0,-8.73,0.0,-9.09
GBIO,153000000.0,-10140000.0,0.0,7.7,0.0,0.0,100.0,0.0,0.0,0.0,3.33,3.6,31.1,31.1,0.0,-25.2,-28.0,0.0,0.0,0.0,0.0,0.0,5632000.0,5186000.0,12.93,20.43,39.8,-27.04,-14.28,-9.59
OM,235000000.0,-13460000.0,7910000.0,9.44,0.0,0.0,313.0,0.0,0.0,29.71,5.44,5.93,11.8,12.6,0.0,-31.4,-37.9,-33.2,-4.3,0.0,0.0,0.0,4568000.0,3285000.0,8.36,4.81,63.0,6.05,0.0,-9.62
RBAC,70442000.0,830000.0,0.0,7.29,0.0,0.0,0.0,60.12,0.0,0.0,1.34,541.86,0.8,0.8,0.0,1.4,1.6,0.0,0.0,0.0,0.0,0.0,7188000.0,4312000.0,1.31,3.16,0.0,-2.97,0.0,-10.01
U,3836000000.0,-48400000.0,92950000.0,7.03,0.0,0.0,4613.0,0.0,0.0,41.27,19.38,24.14,3.6,3.6,0.0,-18.3,-23.9,-13.6,76.7,-51.9,-52.1,0.0,28037000.0,21931000.0,4.74,3.25,130.23,38.97,0.0,-11.21
BLSA,18261000.0,0.0,0.0,7.56,0.0,0.0,0.0,0.0,0.0,0.0,1.3,228.27,4.3,4.3,0.0,0.0,0.0,0.0,0.0,0.0,0.0,0.0,1846000.0,1486000.0,0.01,0.1,0.0,-18.96,0.0,-11.54
GAN,75808000.0,-1910000.0,8160000.0,6.02,0.0,0.0,242.0,0.0,0.0,9.29,2.98,14.55,0.0,2.4,0.0,0.0,0.0,-12.7,70.5,0.0,0.0,0.0,4193000.0,3643000.0,7.85,4.14,24.0,-29.46,-4.98,-11.59
RKT,3434000000.0,38290000.0,1687000000.0,4.6,0.0,0.0,20000.0,5.79,11.19,2.04,3.71,17.39,0.0,0.0,40.29,1.1,76.5,38.1,0.0,66.0,2.3,0.0,13647000.0,12630000.0,11.53,2.36,19.23,-33.07,-27.35,-11.72
FUSE,43798000.0,-870000.0,0.0,8.59,0.0,0.0,0.0,0.0,0.0,0.0,1.16,0.0,0.5,0.5,0.0,-2.5,-2.9,0.0,0.0,0.0,0.0,0.0,3500000.0,2625000.0,14.05,14.37,0.0,-6.47,1.73,-11.77
LESL,458000000.0,12410000.0,132000000.0,-1.41,0.0,0.0,3700.0,38.5,27.03,3.48,0.0,14.81,1.1,1.7,0.0,14.8,-26.6,39.8,43.6,15.3,9.4,0.0,18826000.0,18225000.0,13.82,12.1,32.64,4.24,0.0,-12.32
DGNS,28099000.0,0.0,0.0,7.54,0.0,0.0,0.0,0.0,0.0,0.0,1.32,140.49,0.8,0.8,0.01,0.0,0.0,0.0,0.0,0.0,0.0,0.0,3525000.0,2145000.0,0.28,0.21,0.0,-9.05,0.0,-12.87
ALXO,305000000.0,-6000000.0,53000.0,10.06,0.0,0.0,29.0,0.0,0.0,5781.16,7.44,7.43,29.5,29.5,0.0,-15.5,-15.9,-10.4,0.0,0.0,0.0,0.0,4025000.0,2487000.0,9.87,8.51,97.29,1.74,74.04,-13.2
CLEU,4254000.0,120000.0,500000.0,1.84,0.0,0.0,80.0,17.82,0.0,8.51,1.82,8.51,10.9,11.1,0.0,0.0,0.0,9.8,57.1,0.0,0.0,0.0,1233000.0,890000.0,5.87,0.56,0.0,-8.72,-50.07,-13.21
HAAC,53411000.0,0.0,0.0,8.72,0.0,0.0,0.0,0.0,0.0,0.0,1.11,281.11,1.1,1.1,0.0,0.0,0.0,0.0,0.0,0.0,0.0,0.0,5250000.0,4988000.0,0.45,0.81,0.0,-8.82,0.0,-13.6
HLXA,14514000.0,0.0,0.0,7.58,0.0,0.0,0.0,0.0,0.0,0.0,1.29,131.94,14.8,14.8,0.0,0.0,0.0,0.0,0.0,0.0,0.0,0.0,1480000.0,862000.0,0.09,0.67,0.0,-12.5,0.0,-13.81
ITOS,105000000.0,-6650000.0,0.0,8.24,0.0,0.0,78.0,0.0,0.0,0.0,3.53,3.48,14.9,14.9,0.0,-19.8,-21.1,0.0,0.0,0.0,0.0,0.0,3512000.0,3496000.0,2.8,2.22,48.5,-23.53,12.87,-13.9
BNR,200000000.0,-10200000.0,7580000.0,3.23,0.0,0.0,938.0,0.0,0.0,26.42,6.15,6.85,6.9,7.3,0.02,-24.7,-27.8,-16.7,73.1,0.0,0.0,0.0,10409000.0,7562000.0,1.66,4.93,0.0,-39.96,1.53,-14.07
ADTX,3670000.0,-1430000.0,0.0,0.0,0.0,0.0,43.0,0.0,1.98,0.0,0.0,4.27,1.9,1.9,0.6,0.0,0.0,0.0,0.0,0.0,0.0,0.0,2062000.0,1807000.0,3.3,0.19,0.0,-38.83,-24.58,-14.42
RNA,100000000.0,-7790000.0,920000.0,7.04,0.0,0.0,71.0,0.0,0.0,108.77,3.1,3.58,17.6,17.6,0.0,-24.2,-26.5,-14.5,0.0,0.0,0.0,0.0,3758000.0,2488000.0,25.28,19.48,0.0,-9.57,-23.97,-14.5
IPOF,144000000.0,0.0,0.0,7.14,0.0,0.0,0.0,0.0,0.0,0.0,1.46,0.0,0.3,0.3,0.0,0.0,0.0,0.0,0.0,0.0,0.0,0.0,14375000.0,11500000.0,0.44,0.45,0.0,-10.69,0.0,-15.12
OSH,1233000000.0,-31300000.0,112000000.0,0.98,0.0,0.0,3200.0,0.0,0.0,11.05,52.8,11.43,3.4,3.4,0.0,-25.1,-91.6,-44.1,5.7,-27.7,-28.0,0.0,22117000.0,21416000.0,7.27,11.81,65.58,-2.84,12.16,-15.4
CVAC,1317000000.0,0.0,5180000.0,0.0,0.0,0.0,500.0,0.0,8.53,254.15,0.0,0.0,0.0,0.0,0.0,0.0,0.0,-14.2,0.0,0.0,0.0,0.0,19219000.0,8226000.0,5.53,3.57,61.81,-19.22,7.96,-15.51
PLRX,69398000.0,-8120000.0,1320000.0,6.83,0.0,0.0,78.0,0.0,0.0,52.57,2.81,2.84,22.9,22.9,0.0,-28.5,-29.8,-14.7,0.0,0.0,0.0,0.0,3575000.0,3254000.0,5.76,19.0,0.0,-49.74,-17.73,-15.67
ADCT,222000000.0,-20040000.0,380000.0,3.88,0.0,0.0,208.0,0.0,0.0,584.68,6.95,5.8,9.5,9.5,0.16,-52.7,-81.7,0.0,96.8,0.0,0.0,0.0,7672000.0,3732000.0,15.36,20.08,44.5,4.53,-26.96,-15.71
API,382000000.0,-3920000.0,14670000.0,8.05,0.0,0.0,842.0,0.0,0.0,26.02,4.11,4.62,9.3,9.3,0.0,-4.6,-5.1,-0.9,60.4,-31.8,-26.7,0.0,11036000.0,4168000.0,18.99,6.47,42.11,-44.5,-37.3,-16.38
AGC,67311000.0,0.0,0.0,7.21,0.0,0.0,0.0,0.0,0.0,0.0,1.49,2243.7,1.6,1.6,0.0,0.0,0.0,0.0,0.0,0.0,0.0,0.0,5000000.0,4112000.0,39.56,38.27,0.0,-9.76,0.0,-16.64
INZY,40242000.0,-6280000.0,0.0,5.89,0.0,0.0,38.0,0.0,0.0,0.0,2.92,2.93,20.2,20.2,0.0,-38.3,-41.0,0.0,0.0,0.0,0.0,0.0,2349000.0,2157000.0,1.78,6.29,0.0,-14.61,-37.79,-16.72
PYPD,15500000.0,-3320000.0,0.0,3.03,0.0,0.0,57.0,0.0,0.0,0.0,2.71,3.24,11.4,11.4,0.0,-46.0,-48.2,0.0,0.0,0.0,0.0,0.0,1875000.0,1618000.0,0.2,1.19,0.0,-21.13,-26.63,-17.07
FDMT,92322000.0,0.0,1361000.0,9.0,0.0,0.0,104.0,0.0,0.0,67.82,3.79,3.79,25.2,25.2,0.0,0.0,0.0,-22.1,0.0,0.0,0.0,0.0,2674000.0,2076000.0,4.91,7.83,50.0,-30.55,0.0,-17.66
RLAY,333000000.0,-41420000.0,8450000.0,6.73,0.0,0.0,203.0,0.0,0.0,39.44,5.03,4.96,26.8,26.8,0.0,-54.5,-58.6,-7.3,0.0,0.0,0.0,0.0,9194000.0,8889000.0,11.74,20.42,54.33,-6.73,-4.25,-18.6
TIG,53825000.0,8900000.0,16590000.0,8.16,0.0,0.0,334.0,5.92,10.98,3.24,1.31,5.31,0.0,0.0,0.07,6.5,21.7,17.6,0.0,52.0,53.6,0.0,5115000.0,1236000.0,2.89,1.97,17.67,-36.91,-21.11,-18.7
QELL,43067000.0,0.0,0.0,6.96,0.0,0.0,0.0,0.0,0.0,0.0,1.44,1435.56,0.2,0.2,0.0,0.0,0.0,0.0,0.0,0.0,0.0,0.0,4744000.0,2414000.0,14.6,9.01,0.0,-3.85,0.0,-18.71
TSHA,87380000.0,-10630000.0,0.0,4.98,0.0,0.0,38.0,0.0,0.0,0.0,4.33,4.43,7.3,7.3,0.0,-41.6,-45.8,0.0,0.0,0.0,0.0,0.0,3748000.0,2232000.0,12.29,15.82,0.0,-18.91,0.0,-18.73
CCV,112000000.0,0.0,0.0,6.93,0.0,0.0,0.0,0.0,0.0,0.0,1.42,5595.73,3.3,3.3,0.0,0.0,0.0,0.0,0.0,0.0,0.0,0.0,6250000.0,4507000.0,1.32,2.79,0.0,-3.53,0.0,-19.36
CSPR,20924000.0,-8580000.0,55320000.0,-0.53,0.0,0.0,442.0,0.0,0.0,0.38,0.0,4.21,0.6,1.0,0.0,-38.5,-720.6,-91.0,51.2,-14.4,-15.5,0.0,4144000.0,3423000.0,8.48,4.17,8.55,-37.5,-45.54,-19.51
KC,777000000.0,-12600000.0,118000000.0,5.39,0.0,0.0,2166.0,0.0,0.0,6.56,6.49,9.16,2.4,2.4,0.09,-6.8,-10.0,-14.2,5.8,-15.2,-10.7,0.0,22341000.0,9301000.0,6.43,3.45,0.0,-30.95,5.46,-19.72
SEER,272000000.0,0.0,54000.0,8.65,0.0,0.0,60.0,0.0,0.0,5026.0,5.21,5.25,62.6,62.9,0.0,0.0,0.0,-7.8,0.0,0.0,0.0,0.0,6084000.0,4445000.0,9.25,9.14,55.0,0.9,0.0,-19.77
WIMI,40059000.0,0.0,76601000.0,0.0,0.0,0.0,202.0,0.0,0.0,0.52,0.0,0.0,0.0,0.0,0.0,0.0,0.0,0.0,0.0,0.0,0.0,0.0,8671000.0,4908000.0,3.45,1.49,7.0,-38.97,-23.89,-19.79
CRSR,274000000.0,15390000.0,202000000.0,5.71,0.0,0.0,2411.0,18.4,15.21,1.36,5.08,20.35,0.9,1.5,0.0,11.7,33.4,18.4,28.4,10.4,7.6,0.0,9279000.0,9026000.0,9.67,2.58,39.67,-13.6,0.0,-19.85
NBTX,45470000.0,0.0,251000.0,0.0,0.0,0.0,88.0,0.0,0.0,181.01,0.0,0.0,0.0,0.0,0.0,0.0,0.0,0.0,0.0,0.0,0.0,0.0,3446000.0,2926000.0,0.01,1.34,22.53,-26.4,0.0,-20.02
FTHM,43051000.0,-690000.0,24310000.0,3.67,0.0,0.0,38.0,0.0,0.0,1.77,7.83,33.63,1.3,1.3,0.2,-14.8,-19.9,-4.2,6.1,-4.0,-2.9,0.0,1405000.0,452000.0,19.17,19.83,0.0,-7.32,71.67,-20.31
SDGR,440000000.0,-4200000.0,12070000.0,8.58,0.0,0.0,445.0,0.0,0.0,36.49,7.33,7.18,9.2,9.2,0.0,-5.8,-6.7,-9.8,51.7,-71.5,-34.8,0.0,7058000.0,4037000.0,11.62,7.78,87.6,-9.85,17.08,-20.6
BLUW,5773000.0,0.0,0.0,7.04,0.0,0.0,0.0,0.0,0.0,0.0,1.14,144.32,0.9,0.9,0.0,0.0,0.0,0.0,0.0,0.0,0.0,0.0,725000.0,408000.0,1.5,0.17,0.0,-21.06,0.0,-21.02
RPRX,2367000000.0,97160000.0,224000000.0,14.05,0.68,1.74,51.0,15.75,12.63,10.57,2.77,8.93,9.5,9.5,0.0,6.0,19.5,14.7,0.0,79.0,43.4,25.9,40813000.0,17675000.0,4.29,3.3,51.5,-15.33,-2.01,-22.12
RVMD,232000000.0,-14290000.0,4020000.0,9.33,0.0,0.0,150.0,0.0,0.0,57.73,3.3,3.59,14.4,14.4,0.0,-20.8,-23.9,-23.2,0.0,0.0,0.0,0.0,7340000.0,7266000.0,13.35,15.82,33.0,-33.29,14.51,-22.25
DYN,83894000.0,-9750000.0,0.0,8.84,0.0,0.0,71.0,0.0,0.0,0.0,1.84,1.93,31.7,31.7,0.0,-23.0,-23.8,0.0,0.0,0.0,0.0,0.0,5122000.0,4976000.0,4.46,8.86,0.0,4.16,0.0,-22.43
LEAP,58513000.0,0.0,0.0,6.96,0.0,0.0,2.0,0.0,0.0,0.0,1.44,585.13,15.5,15.5,0.0,0.0,0.0,0.0,0.0,0.0,0.0,0.0,4573000.0,2400000.0,0.09,0.32,16.63,-16.33,0.0,-22.71
SUMO,236000000.0,-8360000.0,20970000.0,4.08,0.0,0.0,759.0,0.0,0.0,11.25,5.41,8.12,2.5,2.5,0.0,-17.2,-31.9,-18.4,72.6,-38.5,-39.9,0.0,10403000.0,10375000.0,5.51,4.43,25.63,-18.26,0.0,-22.78
FUSN,39150000.0,-6780000.0,50000.0,6.2,0.0,0.0,65.0,0.0,0.0,783.01,1.46,2.19,19.8,19.8,0.0,-22.5,-23.7,0.0,0.0,0.0,0.0,0.0,4250000.0,3364000.0,0.56,2.57,0.0,-17.88,-26.24,-22.98
VIRI,4787000.0,-1660000.0,0.0,2.74,0.0,0.0,3.0,0.0,0.0,0.0,2.1,2.2,26.2,26.2,0.0,-78.6,-88.7,0.0,0.0,0.0,0.0,0.0,833000.0,744000.0,1.0,0.82,0.0,-1.87,0.0,-23.3
HSAQ,20138000.0,-40000.0,0.0,7.64,0.0,0.0,0.0,0.0,0.0,0.0,1.28,105.99,10.3,10.3,0.0,-0.2,-0.2,0.0,0.0,0.0,0.0,0.0,2045000.0,1597000.0,0.0,0.0,0.0,-14.35,-12.59,-23.58
PSTX,53064000.0,-15460000.0,0.0,3.0,0.0,0.0,220.0,0.0,0.0,0.0,2.76,2.24,7.5,7.5,0.0,-43.9,-63.6,0.0,0.0,0.0,0.0,0.0,6215000.0,3721000.0,4.61,8.96,0.0,-18.41,-10.86,-24.43
RXT,295000000.0,-26560000.0,287000000.0,6.65,0.0,0.0,7200.0,0.0,13.26,1.03,2.15,13.74,1.1,1.1,2.82,-4.1,-19.2,0.3,33.6,-3.5,-9.3,0.0,20790000.0,20592000.0,4.83,9.05,20.89,-30.38,-27.18,-25.08
IPOD,57441000.0,0.0,0.0,7.01,0.0,0.0,4.0,0.0,0.0,0.0,1.45,0.0,0.5,0.5,0.0,0.0,0.0,0.0,0.0,0.0,0.0,0.0,5750000.0,4600000.0,0.61,0.93,0.0,-17.36,0.0,-25.57
LTRN,15040000.0,-940000.0,0.0,7.12,0.0,0.0,11.0,0.0,0.0,0.0,2.01,1.89,30.6,30.6,0.0,-18.0,-18.5,0.0,0.0,0.0,0.0,0.0,1118000.0,904000.0,2.98,3.41,0.0,-10.45,0.77,-25.66
ORIC,100000000.0,-9130000.0,0.0,7.04,0.0,0.0,70.0,0.0,0.0,0.0,3.54,3.84,26.8,26.8,0.0,-35.0,-36.2,0.0,0.0,0.0,0.0,0.0,3670000.0,2542000.0,13.18,15.68,0.0,-29.59,2.59,-26.32
OPT,34822000.0,0.0,23000.0,0.0,0.0,0.0,0.0,0.0,0.0,1525.56,0.0,0.0,0.0,0.0,0.0,0.0,0.0,0.0,0.0,0.0,0.0,0.0,4221000.0,2266000.0,0.6,1.18,0.0,-13.7,129.17,-26.44
DNB,799000000.0,-9140000.0,195000000.0,8.37,0.0,0.0,4039.0,0.0,15.91,4.1,2.18,44.97,0.6,0.6,1.0,-0.9,-2.4,1.7,69.4,5.5,-4.5,0.0,42890000.0,33483000.0,1.8,3.14,27.5,-18.28,-25.87,-26.59
ARQT,106000000.0,-15030000.0,0.0,8.29,0.0,0.0,54.0,0.0,0.0,0.0,2.48,2.59,32.0,32.0,0.0,-42.9,-45.9,0.0,0.0,0.0,0.0,0.0,5000000.0,4774000.0,4.77,13.42,0.0,-37.61,-15.57,-26.77
KRON,125000000.0,-12800000.0,0.0,7.78,0.0,0.0,90.0,0.0,0.0,0.0,2.8,2.99,32.4,32.4,0.0,-29.5,-40.7,0.0,0.0,0.0,0.0,0.0,5451000.0,4672000.0,9.43,15.92,0.0,-24.9,0.0,-27.08
DADA,614000000.0,-35560000.0,97790000.0,4.15,0.0,0.0,2440.0,0.0,0.0,6.28,6.36,7.28,3.2,3.2,0.08,-29.3,-39.2,-23.1,18.4,-35.1,-36.4,0.0,23756000.0,23013000.0,1.3,2.49,0.0,-19.21,12.62,-27.64
CMPS,143000000.0,-6570000.0,0.0,8.22,0.0,0.0,61.0,0.0,0.0,0.0,4.18,4.51,42.8,42.8,0.0,-27.9,-28.7,0.0,0.0,0.0,0.0,0.0,3980000.0,670000.0,9.39,1.55,0.0,-22.42,0.0,-27.94
LYRA,10761000.0,-3220000.0,0.0,4.43,0.0,0.0,38.0,0.0,0.0,0.0,1.84,1.56,11.9,11.9,0.0,-40.6,-45.9,0.0,0.0,0.0,0.0,0.0,1299000.0,960000.0,2.46,2.46,0.0,-44.08,-27.62,-28.38
PSTH,394000000.0,-45100000.0,0.0,17.1,0.0,0.0,4.0,0.0,0.0,0.0,1.15,157.6,1.4,1.4,0.0,-11.2,-13.3,0.0,0.0,0.0,0.0,0.0,20000000.0,20000000.0,0.27,0.17,0.0,-25.95,0.0,-28.75
AVIR,246000000.0,3530000.0,17500000.0,7.23,0.0,0.0,49.0,75.11,2.27,14.08,4.1,3.02,3.2,3.2,0.0,5.3,8.5,-2.0,0.0,0.0,20.2,0.0,8274000.0,6748000.0,8.66,4.25,46.5,-51.91,0.0,-28.99
YALA,144000000.0,1570000.0,21640000.0,1.97,0.0,0.0,374.0,195.58,9.25,6.68,5.16,4.88,9.9,9.9,0.0,5.7,6.3,1.2,57.6,8.0,7.2,0.0,14825000.0,1860000.0,27.02,4.44,0.0,-47.98,0.0,-29.03
ANNX,67859000.0,-10250000.0,0.0,7.72,0.0,0.0,17.0,0.0,0.0,0.0,2.29,2.24,29.6,29.6,0.0,-29.4,-30.9,0.0,0.0,0.0,0.0,0.0,3828000.0,3619000.0,3.94,9.46,0.0,-45.22,-29.49,-29.32
PTVE,236000000.0,-12900000.0,489000000.0,5.76,0.4,3.13,14600.0,0.0,7.68,0.48,2.22,6.73,1.2,2.2,3.85,-1.8,-13.5,4.6,12.9,0.1,-2.7,0.0,17740000.0,4262000.0,2.8,7.56,16.0,-14.33,0.0,-29.49
FMTX,122000000.0,-13580000.0,0.0,12.24,0.0,0.0,139.0,0.0,0.0,0.0,2.0,2.27,17.9,17.9,0.0,-22.7,-24.0,0.0,0.0,0.0,0.0,0.0,4734000.0,4372000.0,8.24,11.81,0.0,-23.44,-37.97,-29.8
UCL,20855000.0,-4560000.0,7200000.0,1.44,0.0,0.0,578.0,0.0,0.0,2.9,5.13,6.23,1.2,1.4,0.12,-48.6,-87.4,-105.1,30.4,-63.2,-63.4,0.0,2833000.0,34000.0,0.05,0.0,0.0,-28.94,-46.04,-29.89
ANPC,5266000.0,0.0,2177000.0,0.11,0.0,0.0,101.0,0.0,0.0,2.42,33.36,37.62,0.7,0.7,2.5,0.0,0.0,-812.9,0.0,0.0,0.0,0.0,1196000.0,426000.0,1.46,0.08,0.0,-57.38,-28.74,-30.75
MASS,104000000.0,-2550000.0,2560000.0,4.63,0.0,0.0,101.0,0.0,0.0,40.75,8.44,7.38,13.4,14.1,0.0,-18.2,-30.6,-3.8,53.6,-72.4,-99.7,0.0,2734000.0,2016000.0,9.58,5.74,55.0,-8.71,0.0,-31.4
VIAO,21182000.0,-420000.0,19970000.0,0.8,0.0,0.0,620.0,0.0,5.91,1.06,11.44,2.2,1.8,2.1,0.41,0.0,0.0,-2.0,14.1,1.0,-0.3,0.0,11458000.0,11186000.0,0.0,0.21,0.0,-28.52,0.0,-32.02
VITL,71298000.0,830000.0,22620000.0,3.82,0.0,0.0,215.0,91.4,326.92,3.15,4.45,19.11,4.8,5.3,0.0,4.7,5.7,6.6,35.0,2.8,3.7,0.0,4000000.0,2732000.0,15.1,13.14,25.5,-37.45,-54.02,-32.83
GRIL,2112000.0,-830000.0,440000.0,0.35,0.0,0.0,380.0,0.0,0.0,4.8,3.34,10.56,0.6,0.6,0.34,0.0,0.0,-136.6,-27.2,0.0,0.0,0.0,1182000.0,1008000.0,2.72,0.65,0.0,-48.68,-53.39,-33.14
HCDI,4328000.0,-300000.0,6010000.0,2.18,0.0,0.0,40.0,0.0,0.0,0.72,1.33,3.38,0.0,0.0,1.33,-4.8,-14.6,-10.0,8.2,-3.4,-4.9,0.0,1489000.0,1143000.0,9.52,3.4,0.0,-6.01,-48.76,-33.6
FHTX,48873000.0,-8520000.0,100000.0,2.83,0.0,0.0,95.0,0.0,0.0,488.73,4.69,3.46,8.8,8.8,0.19,-40.8,-140.7,-41.4,0.0,0.0,0.0,0.0,3685000.0,2978000.0,3.28,8.25,0.0,4.32,0.0,-34.53
AKUS,46326000.0,-6450000.0,0.0,8.05,0.0,0.0,69.0,0.0,0.0,0.0,1.61,1.71,22.7,22.7,0.0,-19.6,-21.4,0.0,0.0,0.0,0.0,0.0,3437000.0,3327000.0,5.48,15.79,0.0,-31.32,-42.97,-34.54
VRM,365000000.0,-24150000.0,208000000.0,8.33,0.0,0.0,944.0,0.0,0.0,1.75,3.21,2.49,2.5,3.3,0.86,-12.9,-20.0,-11.5,7.0,-11.3,-11.6,0.0,13651000.0,10778000.0,12.27,6.61,0.0,-21.98,-54.0,-34.83
BTWN,73176000.0,-3090000.0,0.0,7.01,0.0,0.0,0.0,0.0,0.0,0.0,1.43,609.8,0.4,0.4,0.0,-6.9,-8.3,0.0,0.0,0.0,0.0,0.0,7437000.0,5950000.0,1.27,1.33,0.0,-18.14,0.0,-35.27
PRFX,3104000.0,0.0,0.0,2.25,0.0,0.0,1.0,0.0,0.0,0.0,1.27,1.6,28.8,28.8,0.0,0.0,0.0,0.0,0.0,0.0,0.0,0.0,905000.0,816000.0,6.03,0.31,0.0,-46.93,-56.15,-36.24
AZYO,8726000.0,-2300000.0,4930000.0,1.46,0.0,0.0,175.0,0.0,0.0,1.77,5.88,3.08,1.6,2.0,1.61,-33.8,406.8,-31.0,47.7,-24.0,-46.8,0.0,1023000.0,334000.0,3.99,6.03,0.0,-41.27,0.0,-37.05
LMND,485000000.0,-16940000.0,9000000.0,17.93,0.0,0.0,567.0,0.0,0.0,53.91,4.29,4.44,0.0,0.0,0.0,-14.7,-20.2,-22.6,0.0,0.0,0.0,0.0,6145000.0,3991000.0,22.55,6.21,78.5,-17.81,62.6,-37.26
OLMA,118000000.0,0.0,0.0,7.97,0.0,0.0,36.0,0.0,0.0,0.0,3.75,3.72,39.4,39.4,0.0,0.0,0.0,0.0,0.0,0.0,0.0,0.0,3941000.0,3574000.0,5.55,7.44,0.0,-27.47,0.0,-37.9
FROG,373000000.0,-3000000.0,17530000.0,6.0,0.0,0.0,700.0,0.0,0.0,21.27,6.48,6.06,5.0,5.0,0.0,-4.3,-5.4,-2.1,81.3,-21.8,-17.1,0.0,9367000.0,6432000.0,10.29,6.95,53.33,-17.57,0.0,-38.1
TARS,51861000.0,-500000.0,5540000.0,9.36,0.0,0.0,20.0,0.0,0.0,9.36,2.73,2.93,19.2,19.2,0.0,-3.0,-3.8,0.0,96.3,0.0,-9.1,0.0,2055000.0,1470000.0,2.12,5.67,0.0,-21.06,0.0,-38.16
KBNT,4934000.0,-1150000.0,260000.0,2.27,0.0,0.0,13.0,0.0,0.0,18.98,1.52,1.62,16.5,16.5,0.01,-43.4,-47.8,-18.2,14.4,0.0,0.0,0.0,1398000.0,1018000.0,2.87,2.13,0.0,-48.89,-15.44,-38.17
LUNG,154000000.0,-3760000.0,4190000.0,5.82,0.0,0.0,170.0,0.0,0.0,36.83,7.27,7.37,13.5,14.3,0.08,-17.9,-33.7,-13.4,72.0,-92.9,-89.7,0.0,3604000.0,3349000.0,3.59,3.27,55.67,-17.13,0.0,-38.73
ALGS,72181000.0,-12520000.0,250000.0,4.47,0.0,0.0,86.0,0.0,0.0,288.72,3.79,3.79,6.5,6.5,0.0,-62.3,-111.9,0.0,0.0,0.0,0.0,0.0,3774000.0,3289000.0,5.67,7.06,0.0,-31.72,0.0,-38.81
SLQT,190000000.0,13100000.0,93780000.0,4.13,0.0,0.0,1944.0,15.84,8.55,2.03,3.03,6.64,4.5,4.5,0.68,10.0,20.8,14.1,71.1,20.8,14.0,0.0,16344000.0,10378000.0,4.83,2.05,0.0,-51.13,-35.58,-39.61
LU,2143000000.0,230000000.0,874000000.0,5.69,0.0,0.0,87240.0,9.0,7.2,2.45,1.49,4.77,0.0,0.0,0.43,5.7,18.7,13.3,0.0,40.6,26.3,0.0,244000000.0,88537000.0,2.35,2.77,14.38,-44.0,0.0,-40.21
KNTE,102000000.0,0.0,0.0,8.3,0.0,0.0,52.0,0.0,0.0,0.0,2.82,3.99,31.1,31.1,0.0,0.0,0.0,0.0,0.0,0.0,0.0,0.0,4354000.0,3712000.0,4.76,9.93,0.0,-33.23,0.0,-41.25
VERX,292000000.0,-1770000.0,39730000.0,1.54,0.0,0.0,1200.0,0.0,78.45,7.34,12.79,28.71,0.7,0.7,0.0,-3.2,-7.9,-33.5,60.1,-11.8,-4.5,0.0,14753000.0,3903000.0,3.2,7.27,26.0,-37.03,-17.96,-43.5
MAX,128000000.0,-2330000.0,67270000.0,-0.55,0.0,0.0,117.0,6.3,57.32,1.9,0.0,85.43,1.8,1.8,0.0,-11.3,40.1,14.0,14.7,0.2,-3.5,0.0,3767000.0,1753000.0,5.62,4.6,0.0,-60.66,0.0,-43.67
ONEM,342000000.0,-10520000.0,46330000.0,3.45,0.0,0.0,1957.0,0.0,0.0,7.38,7.12,5.23,4.9,4.9,0.0,-9.7,-20.6,-9.0,42.2,-19.1,-22.7,0.0,13679000.0,11669000.0,10.22,9.16,0.0,-40.35,-13.28,-43.76
ALVR,134000000.0,-11730000.0,0.0,4.85,0.0,0.0,53.0,0.0,0.0,0.0,4.27,4.27,15.3,15.3,0.0,-32.5,-34.5,0.0,0.0,0.0,0.0,0.0,6234000.0,3164000.0,13.19,17.99,0.0,-33.49,-16.39,-46.12
CD,462000000.0,-1560000.0,36410000.0,4.25,0.0,0.0,981.0,0.0,209.34,12.69,3.0,4.5,4.2,4.2,0.53,-0.6,-1.2,-0.3,40.5,9.3,-4.3,0.0,36194000.0,4000000.0,14.25,5.14,0.0,-32.04,0.0,-46.7
CDAK,40246000.0,-8940000.0,1670000.0,2.34,0.0,0.0,105.0,0.0,0.0,24.1,7.34,0.0,5.7,5.7,0.49,-56.9,266.9,-229.6,0.0,0.0,0.0,0.0,2212000.0,1409000.0,6.26,8.18,0.0,5.14,0.0,-46.84
NNOX,116000000.0,-5630000.0,0.0,4.55,0.0,0.0,40.0,0.0,0.0,0.0,5.33,7.59,28.9,28.9,0.0,-23.7,-24.7,0.0,0.0,0.0,0.0,0.0,4776000.0,3687000.0,13.07,4.51,42.25,-39.69,-33.38,-46.89
MNSO,447000000.0,-21920000.0,141000000.0,3.39,0.16,1.14,0.0,0.0,18.19,3.18,4.13,4.2,2.2,2.6,0.12,-15.2,-32.2,2.5,26.8,4.4,-15.6,0.0,30398000.0,3084000.0,7.41,3.24,0.0,-43.11,0.0,-46.99
PRLD,184000000.0,-8420000.0,0.0,7.26,0.0,0.0,100.0,0.0,0.0,0.0,5.21,5.37,23.5,23.5,0.0,-28.5,-29.8,0.0,0.0,0.0,0.0,0.0,4606000.0,4372000.0,9.61,21.0,61.6,-32.48,0.0,-47.1
BQ,20000000.0,-480000.0,16950000.0,0.2,0.0,0.0,325.0,0.0,0.0,1.18,13.55,3.11,2.1,2.5,4.55,-3.7,4.3,-29.6,18.3,-18.8,-2.8,0.0,9019000.0,7267000.0,0.81,2.28,0.0,-50.64,0.0,-47.98
EDTK,1990000.0,350000.0,2920000.0,3.78,0.0,0.0,50.0,4.25,0.0,0.68,0.41,0.0,1.9,1.9,0.01,6.6,9.9,6.7,49.6,22.6,12.0,0.0,1206000.0,705000.0,4.18,0.96,0.0,-53.31,-57.65,-49.51
SQZ,41448000.0,-6440000.0,1860000.0,5.47,0.0,0.0,98.0,0.0,0.0,22.28,2.67,0.0,4.3,4.3,0.0,-28.3,-74.7,-40.1,0.0,0.0,0.0,0.0,2792000.0,2531000.0,6.09,8.33,0.0,0.69,0.0,-49.55
EAR,87102000.0,-4470000.0,8550000.0,4.53,0.0,0.0,238.0,0.0,0.0,10.19,4.95,4.86,8.1,8.2,0.0,-23.5,-46.6,-17.5,71.0,-60.4,-52.3,0.0,3881000.0,3616000.0,7.73,5.6,0.0,-56.32,0.0,-49.98
BDSX,27427000.0,-3170000.0,7700000.0,0.93,0.0,0.0,200.0,0.0,0.0,3.56,10.62,4.87,3.2,3.2,1.28,-33.0,83.6,-33.3,43.0,-33.5,-41.2,0.0,2773000.0,748000.0,6.89,3.16,0.0,-46.8,0.0,-50.99
VMAR,5213000.0,0.0,236000.0,0.0,0.0,0.0,0.0,0.0,0.0,22.07,0.0,0.0,0.0,0.0,0.0,0.0,0.0,0.0,0.0,0.0,0.0,0.0,821000.0,363000.0,0.35,0.22,0.0,-32.88,0.0,-52.79
ABCL,495000000.0,0.0,44765000.0,3.56,0.0,0.0,206.0,25.61,0.0,11.05,5.32,6.24,12.4,12.4,0.0,0.0,0.0,13.6,0.0,0.0,0.0,0.0,27220000.0,19077000.0,5.5,4.94,0.0,-38.15,0.0,-52.91
NKTX,107000000.0,-7250000.0,0.0,8.78,0.0,0.0,116.0,0.0,0.0,0.0,3.29,3.83,27.7,27.7,0.0,-21.9,-23.2,0.0,0.0,0.0,0.0,0.0,3283000.0,2932000.0,6.23,6.84,0.0,-35.14,4.56,-52.97
PMVP,137000000.0,-4370000.0,0.0,7.5,0.0,0.0,44.0,0.0,0.0,0.0,3.85,4.3,43.1,43.1,0.0,-12.1,-12.4,0.0,0.0,0.0,0.0,0.0,4507000.0,3990000.0,7.2,7.54,0.0,-17.57,0.0,-53.08
KROS,79122000.0,-5320000.0,10000.0,10.11,0.0,0.0,44.0,0.0,0.0,7912.17,3.27,3.34,32.1,32.1,0.0,-23.4,-24.3,0.0,0.0,0.0,0.0,0.0,2331000.0,1992000.0,5.0,8.66,0.0,-46.69,-32.63,-53.15
ORPH,17695000.0,-6100000.0,0.0,0.0,0.0,0.0,141.0,0.0,0.0,0.0,0.0,3.31,1.8,1.8,0.27,0.0,0.0,0.0,0.0,0.0,0.0,0.0,3525000.0,2814000.0,5.86,0.11,0.0,-62.4,0.0,-53.22
GP,28080000.0,0.0,815000.0,0.0,0.0,0.0,0.0,0.0,0.0,34.46,0.0,0.0,0.0,0.0,0.0,0.0,0.0,0.0,0.0,0.0,0.0,0.0,2089000.0,1406000.0,5.31,4.64,0.0,-44.23,-1.39,-53.83
MRM,3140000.0,-490000.0,3040000.0,1.11,0.0,0.0,171.0,0.0,0.0,1.03,5.95,2.4,0.8,0.8,1.84,0.0,0.0,-38.9,12.8,-19.0,-16.1,0.0,403000.0,332000.0,0.54,0.73,0.0,-31.43,0.0,-54.1
ARRY,249000000.0,-2070000.0,76880000.0,-0.54,0.0,0.0,387.0,0.0,30.25,3.23,0.0,140.47,1.1,2.0,0.0,-2.3,-35.9,20.1,17.3,1.5,-1.8,0.0,12699000.0,12560000.0,5.41,1.97,24.45,-43.71,0.0,-54.29
PASG,66647000.0,-15480000.0,0.0,7.47,0.0,0.0,74.0,0.0,0.0,0.0,1.56,1.63,13.4,13.4,0.0,-38.9,-41.6,0.0,0.0,0.0,0.0,0.0,5389000.0,4739000.0,7.7,10.77,0.0,-43.81,-21.78,-54.36
GBS,4146000.0,0.0,44000.0,1.35,0.0,0.0,7.0,0.0,0.0,93.86,2.49,2.9,10.6,10.6,0.0,0.0,0.0,0.0,0.0,0.0,0.0,0.0,1180000.0,657000.0,5.02,0.27,0.0,-49.78,0.0,-54.59
SBTX,77818000.0,0.0,0.0,10.03,0.0,0.0,76.0,0.0,0.0,0.0,2.04,2.16,23.3,23.3,0.0,0.0,0.0,0.0,0.0,0.0,0.0,0.0,3488000.0,3212000.0,10.1,19.4,0.0,-58.3,0.0,-55.76
AFIB,42697000.0,-11860000.0,1400000.0,2.69,0.0,0.0,291.0,0.0,0.0,30.5,4.64,5.27,4.9,5.7,0.59,-67.0,-104.2,-52.2,-74.3,0.0,0.0,0.0,2815000.0,1552000.0,12.71,5.79,20.67,-25.99,-62.84,-56.72
TPGY,47162000.0,-6710000.0,0.0,5.78,0.0,0.0,3.0,0.0,0.0,0.0,1.89,2358.08,0.0,0.0,0.01,-25.5,-72.5,0.0,0.0,0.0,0.0,0.0,4375000.0,3500000.0,6.17,5.66,0.0,-38.48,0.0,-57.67
AMWL,257000000.0,-19040000.0,24080000.0,4.7,0.0,0.0,812.0,0.0,0.0,10.67,2.28,2.64,11.2,11.3,0.0,-14.1,-15.7,-18.6,38.0,-79.0,-79.1,0.0,24937000.0,13530000.0,11.8,5.31,16.56,-54.45,0.0,-57.76
BLI,252000000.0,-5450000.0,7780000.0,3.47,0.0,0.0,230.0,0.0,0.0,32.4,10.76,11.72,8.8,9.3,0.08,-18.2,-22.5,-15.3,67.8,-68.2,-70.0,0.0,6679000.0,5524000.0,7.44,4.62,0.0,-29.94,-40.14,-58.23
EBON,35081000.0,0.0,1900000.0,0.0,0.0,0.0,205.0,0.0,0.0,18.46,0.0,0.0,0.0,0.0,0.0,0.0,0.0,0.0,0.0,0.0,0.0,0.0,13921000.0,12934000.0,9.32,2.65,0.0,-64.46,-66.13,-58.48
HUIZ,15409000.0,190000.0,26430000.0,1.48,0.0,0.0,1314.0,78.11,7.23,0.58,1.95,2.0,2.0,2.0,0.36,1.1,2.5,-5.0,28.2,0.3,0.7,0.0,5192000.0,3072000.0,0.29,0.15,0.0,-62.02,-66.88,-58.71
KRBP,2566000.0,0.0,0.0,0.0,0.0,0.0,19.0,0.0,0.0,0.0,0.0,0.0,0.0,0.0,0.0,0.0,0.0,0.0,0.0,0.0,0.0,0.0,735000.0,302000.0,1.5,0.16,0.0,-67.8,0.0,-58.8
PRAX,98813000.0,-11060000.0,0.0,8.03,0.0,0.0,67.0,0.0,0.0,0.0,2.81,2.91,22.1,22.1,0.0,-41.9,-57.9,0.0,0.0,0.0,0.0,0.0,4157000.0,3120000.0,4.13,4.35,0.0,-43.85,0.0,-59.0
STTK,91549000.0,-5930000.0,180000.0,6.61,0.0,0.0,59.0,0.0,0.0,508.61,3.24,3.0,20.9,20.9,0.0,-20.5,-28.7,-11.9,0.0,0.0,0.0,0.0,4191000.0,3239000.0,4.65,8.29,0.0,-40.95,0.0,-59.17
AMST,4009000.0,-1110000.0,40000.0,0.64,0.0,0.0,12.0,0.0,0.0,100.22,3.08,3.31,12.3,12.3,0.0,-81.6,-92.3,0.0,0.0,0.0,0.0,0.0,2054000.0,921000.0,2.25,0.11,0.0,-64.76,0.0,-59.38
LSF,18048000.0,-1450000.0,2600000.0,8.45,0.0,0.0,145.0,0.0,0.0,6.94,2.27,2.99,18.6,20.8,0.0,-21.3,-23.8,-16.2,26.2,-49.7,-55.8,0.0,888000.0,621000.0,12.42,11.42,0.0,-48.07,0.0,-59.43
WISH,468000000.0,0.0,283000000.0,1.38,0.0,0.0,875.0,0.0,0.0,1.65,5.35,2.97,2.0,2.0,0.0,0.0,0.0,-61.6,57.9,0.0,0.0,0.0,62400000.0,46119000.0,6.88,0.42,9.83,-56.56,0.0,-59.54
CMPI,12625000.0,-5540000.0,0.0,4.39,0.0,0.0,25.0,0.0,0.0,0.0,1.31,1.48,13.6,13.6,0.0,-44.5,-47.4,0.0,0.0,0.0,0.0,0.0,2162000.0,1927000.0,0.68,2.38,0.0,-60.8,-53.13,-60.45
IH,39986000.0,-570000.0,10540000.0,1.92,0.0,0.0,817.0,0.0,180.0,3.79,3.66,3.07,2.4,2.4,0.0,-5.1,-12.1,-7.0,69.8,-5.6,-5.4,0.0,5333000.0,746000.0,1.19,2.0,0.0,-52.41,0.0,-61.26
QH,14507000.0,0.0,258000000.0,1.75,0.0,0.0,708.0,0.0,8.98,0.06,1.67,3.89,1.3,1.3,0.29,0.0,0.0,-7.3,0.0,0.0,0.0,0.0,4363000.0,3980000.0,0.04,0.2,0.0,-50.51,-57.31,-61.27
VSTA,46319000.0,-1660000.0,17500000.0,10.99,0.0,0.0,1960.0,0.0,2.44,2.65,0.51,5.77,1.3,1.8,0.14,-1.3,-1.8,0.9,62.1,-7.3,-9.5,0.0,8307000.0,1857000.0,3.88,9.91,0.0,-55.14,-63.75,-61.45
MTCR,8109000.0,-5020000.0,0.0,2.4,0.0,0.0,35.0,0.0,0.0,0.0,1.25,1.08,10.6,10.6,0.0,-51.3,-61.4,0.0,0.0,0.0,0.0,0.0,2637000.0,2088000.0,1.18,1.56,0.0,-67.14,0.0,-61.96
SCPS,10891000.0,-2120000.0,0.0,-0.12,0.0,0.0,1.0,0.0,0.0,0.0,0.0,17.29,0.8,0.8,0.0,-455.7,0.0,0.0,0.0,0.0,0.0,0.0,1619000.0,924000.0,1.02,0.21,0.0,-36.91,0.0,-61.99
ROOT,156000000.0,-49670000.0,25980000.0,3.06,0.0,0.0,1007.0,0.0,0.0,6.01,1.94,1.61,0.0,0.0,0.26,-33.7,-92.1,-23.4,0.0,0.0,0.0,0.0,24890000.0,6646000.0,28.71,3.09,7.31,-51.27,0.0,-62.25
GOCO,156000000.0,-3290000.0,101000000.0,1.47,0.0,0.0,3067.0,0.0,6.19,1.55,3.48,13.84,2.6,2.6,0.89,-1.6,-8.0,-8.3,79.6,-8.5,-3.3,0.0,32081000.0,7329000.0,7.29,1.89,0.0,-51.0,-61.76,-62.52
GOED,32871000.0,-1630000.0,10790000.0,5.43,0.0,0.0,102.0,0.0,3.44,3.05,0.58,7.27,0.9,1.2,0.29,-14.7,-39.1,172.0,17.4,-18.9,-15.1,0.0,10502000.0,10199000.0,7.61,0.81,0.0,-71.67,-55.98,-62.83
AI,501000000.0,-9330000.0,19510000.0,10.05,0.0,0.0,628.0,0.0,0.0,25.7,5.12,4.56,8.3,8.3,0.0,-9.5,-12.5,-5.7,75.9,-47.9,-47.8,0.0,10387000.0,8365000.0,9.71,2.49,0.0,-39.38,0.0,-62.9
SYTA,1790000.0,0.0,1196000.0,0.0,0.0,0.0,0.0,0.0,0.0,1.5,0.0,0.0,0.0,0.0,0.0,0.0,0.0,0.0,0.0,0.0,0.0,0.0,458000.0,308000.0,1.79,0.34,0.0,-63.83,-64.05,-63.7
BEKE,2833000000.0,41700000.0,1365000000.0,9.16,0.0,0.0,119658.0,54.59,28.91,2.08,2.4,3.78,2.5,2.5,0.01,2.6,4.2,1.8,22.7,3.8,3.1,0.0,117000000.0,87730000.0,1.88,1.47,0.0,-59.07,-51.58,-64.25
GLTO,11415000.0,-4390000.0,0.0,5.6,0.0,0.0,28.0,0.0,0.0,0.0,0.79,1.12,22.7,22.7,0.0,-30.6,-47.8,0.0,0.0,0.0,0.0,0.0,2526000.0,2238000.0,0.6,0.11,0.0,-55.56,0.0,-64.51
IKT,5980000.0,-720000.0,300000.0,3.84,0.0,0.0,3.0,0.0,0.0,19.93,0.63,1.28,25.7,25.7,0.0,-37.0,-47.9,-27.9,0.0,0.0,0.0,0.0,1224000.0,799000.0,2.1,0.19,0.0,-61.49,0.0,-64.78
JUPW,4034000.0,-1170000.0,110000.0,0.33,0.0,0.0,5.0,0.0,0.0,36.67,5.3,0.0,1.7,1.8,0.57,-238.0,-399.0,-108.3,36.1,0.0,0.0,0.0,1136000.0,574000.0,2.45,0.25,0.0,-68.41,0.0,-65.62
YGMZ,5552000.0,80000.0,1880000.0,2.07,0.0,0.0,147.0,44.49,0.0,2.95,1.68,26.44,2.4,2.4,0.38,3.3,6.2,3.6,14.8,7.5,4.2,0.0,1026000.0,704000.0,2.41,0.52,0.0,-52.98,0.0,-65.85
BLCT,13092000.0,-2340000.0,17650000.0,2.78,0.0,0.0,755.0,0.0,0.0,0.74,1.21,1.86,3.4,3.4,0.0,-16.6,-20.4,-30.8,30.8,-27.0,-13.3,0.0,3689000.0,1385000.0,1.72,1.23,0.0,-68.71,-71.56,-66.63
SPRB,18753000.0,-3960000.0,0.0,5.58,0.0,0.0,21.0,0.0,0.0,0.0,1.43,1.72,16.0,16.0,0.04,-29.4,-42.9,0.0,0.0,0.0,0.0,0.0,2333000.0,477000.0,11.13,8.64,0.0,-63.38,0.0,-67.17
YSG,371000000.0,-50910000.0,96000000.0,1.56,0.0,0.0,3936.0,0.0,0.0,3.87,3.56,5.84,4.8,5.5,0.0,-45.1,-76.5,-39.3,66.9,-47.3,-53.0,0.0,63161000.0,16097000.0,7.84,5.11,0.0,-67.69,0.0,-67.29
ATHA,42031000.0,-3900000.0,0.0,9.42,0.0,0.0,20.0,0.0,0.0,0.0,1.17,1.48,38.1,38.1,0.0,-12.2,-12.5,0.0,0.0,0.0,0.0,0.0,3722000.0,3552000.0,3.48,0.98,0.0,-45.6,0.0,-67.88
ONCR,25728000.0,-6240000.0,0.0,6.33,0.0,0.0,56.0,0.0,0.0,0.0,1.62,1.61,15.1,15.1,0.0,-36.4,-70.2,0.0,0.0,0.0,0.0,0.0,2568000.0,2513000.0,2.94,6.03,0.0,-30.88,0.0,-68.36
BDTX,37138000.0,-10520000.0,0.0,6.94,0.0,0.0,73.0,0.0,0.0,0.0,1.44,1.41,11.5,11.5,0.0,-32.9,-36.1,0.0,0.0,0.0,0.0,0.0,3618000.0,3499000.0,11.78,8.82,0.0,-63.4,-64.8,-68.89
NUZE,5010000.0,-1610000.0,170000.0,0.79,0.0,0.0,17.0,0.0,0.0,29.47,3.59,3.94,15.1,15.6,0.01,-129.2,-147.5,-141.4,-1.8,0.0,0.0,0.0,1782000.0,1150000.0,0.71,1.01,0.0,-48.64,-82.99,-73.21
INTZ,8019000.0,-1000000.0,670000.0,0.69,0.0,0.0,63.0,0.0,0.0,11.97,6.48,6.12,5.5,5.5,0.05,-84.3,-134.4,-40.0,61.2,0.0,0.0,0.0,1754000.0,892000.0,11.65,0.61,4.88,-78.4,-61.89,-74.63
FRLN,15052000.0,0.0,0.0,5.2,0.0,0.0,236.0,0.0,0.0,0.0,0.78,0.91,12.2,12.2,1.0,0.0,0.0,0.0,0.0,0.0,0.0,0.0,3568000.0,3470000.0,0.27,0.22,0.0,-72.28,-75.06,-77.93
IMRA,11225000.0,-4740000.0,0.0,3.67,0.0,0.0,27.0,0.0,0.0,0.0,1.24,1.68,10.2,10.2,0.0,-54.9,-59.3,0.0,0.0,0.0,0.0,0.0,1772000.0,624000.0,1.82,0.44,0.0,-53.62,-80.06,-79.37
PROG,11982000.0,-18150000.0,4080000.0,-2.18,0.0,0.0,511.0,0.0,0.0,2.94,0.0,1.82,0.0,1.3,0.0,-178.6,215.8,-285.1,-10.2,0.0,0.0,0.0,6394000.0,2098000.0,16.13,0.6,0.0,-74.52,-87.98,-79.85
GRAY,9663000.0,-3470000.0,0.0,4.02,0.0,0.0,31.0,0.0,0.0,0.0,1.01,1.13,14.1,14.1,0.0,-44.3,-90.3,0.0,0.0,0.0,0.0,0.0,2102000.0,1908000.0,6.07,0.58,4.75,-43.61,0.0,-86.01
WNW,12875000.0,0.0,821000.0,0.0,0.0,0.0,55.0,0.0,0.0,15.68,0.0,0.0,0.0,0.0,0.0,0.0,0.0,0.0,0.0,0.0,0.0,0.0,2500000.0,0.0,0.0,0.74,0.0,-53.22,0.0,-86.28
SGTX,21293000.0,-6080000.0,1290000.0,4.1,0.0,0.0,99.0,0.0,0.0,16.51,1.58,1.19,5.3,5.3,0.0,0.0,0.0,-31.9,0.0,0.0,0.0,0.0,3149000.0,2505000.0,3.09,2.65,0.0,-76.31,0.0,-86.53
YQ,25673000.0,0.0,15490000.0,1.7,0.0,0.0,3156.0,0.0,0.0,1.66,0.78,0.58,2.5,2.5,0.0,0.0,0.0,-64.6,60.7,0.0,0.0,0.0,18787000.0,5496000.0,2.34,0.47,0.0,-89.0,0.0,-89.7
