,Date,Open,High,Low,Close,Adj Close,Volume,Ticker,Change,ChangeAverage+,ChangeAverage-,RSI,OBV,OBV_regression,OBV_Regression_err,Close_Regression,Close_Regression_err,EMA26,EMA12,MACD
0,2021-08-16,705.0700073242188,709.5,676.4000244140625,686.1699829101562,686.1699829101562,22677400,TSLA,,,,,22677400,0.0,0.0,0.0,0.0,686.1699829101562,686.1699829101562,0.0
1,2021-08-17,672.6599731445312,674.5800170898438,648.8400268554688,665.7100219726562,665.7100219726562,23721300,TSLA,-20.4599609375,,,,46398700,0.0,0.0,0.0,0.0,684.6544302481192,683.0222966120793,-1.632133636039839
2,2021-08-18,669.75,695.77001953125,669.3499755859375,688.989990234375,688.989990234375,20349400,TSLA,23.27996826171875,,,,26049300,0.0,0.0,0.0,0.0,684.9755828396936,683.9404033232017,-1.035179516491894
3,2021-08-19,678.2100219726562,686.5499877929688,667.5900268554688,673.469970703125,673.469970703125,14313500,TSLA,-15.52001953125,,,,11735800,0.0,0.0,0.0,0.0,684.1233152740219,682.3295675354976,-1.7937477385243028
4,2021-08-20,682.8499755859375,692.1300048828125,673.7000122070312,680.260009765625,680.260009765625,14781800,TSLA,6.7900390625,,,,26517600,0.0,0.0,0.0,0.0,683.8371444956222,682.0111740324403,-1.825970463181875
5,2021-08-23,685.4400024414062,712.1300048828125,680.75,706.2999877929688,706.2999877929688,20264900,TSLA,26.03997802734375,,,,46782500,-13.961248448390855,4304244.361971875,0.0,0.0,685.5010588139442,685.7479146109831,0.2468557970389611
6,2021-08-24,710.6799926757812,715.219970703125,702.6400146484375,708.489990234375,708.489990234375,13083100,TSLA,2.19000244140625,,,,33699400,0.6394776969282407,5478842.070812044,0.0,0.0,687.2039426228649,689.2466954761204,2.042752853255479
7,2021-08-25,707.030029296875,716.969970703125,704.0,711.2000122070312,711.2000122070312,12645600,TSLA,2.71002197265625,,,,21053800,26.050424516123023,3641121.1419332554,0.0,0.0,688.981429258729,692.6241288193374,3.6426995606084347
8,2021-08-26,708.3099975585938,715.4000244140625,697.6199951171875,701.1599731445312,701.1599731445312,13214300,TSLA,-10.0400390625,,,,34268100,13.35861095861634,4595548.922613417,0.0,0.0,689.8835436206404,693.937335638598,4.053792017957676
9,2021-08-27,705.0,715.0,702.0999755859375,711.9199829101562,711.9199829101562,13762100,TSLA,10.760009765625,,,,48030200,-5.292002622277667,3487559.720391896,0.0,0.0,691.5158724569008,696.7038967572993,5.188024300398524
10,2021-08-30,714.719970703125,731.0,712.72998046875,730.9099731445312,730.9099731445312,18604200,TSLA,18.989990234375,,,,66634400,1.585422454209744,4036460.3661252516,0.0,0.0,694.4339539893178,701.9663700476427,7.532416058324884
11,2021-08-31,733.0,740.3900146484375,726.4400024414062,735.719970703125,735.719970703125,20855400,TSLA,4.80999755859375,,,,87489800,48.0404579982832,3369587.1990101896,0.0,0.0,697.4921774495999,707.1592316869476,9.667054237347656
12,2021-09-01,734.0800170898438,741.989990234375,731.27001953125,734.0900268554688,734.0900268554688,13204300,TSLA,-1.62994384765625,,,,74285500,85.4973764287869,998249.4755487448,0.0,0.0,700.203129257442,711.3024309436431,11.099301686201102
13,2021-09-02,734.5,740.969970703125,730.5399780273438,732.3900146484375,732.3900146484375,12777300,TSLA,-1.70001220703125,4.785356794084821,0.6924983433314732,87.35822094670982,61508200,61.82862991166112,3456217.8334319904,0.0,0.0,702.5873429901084,714.5466745905345,11.95933160042614
14,2021-09-03,732.25,734.0,724.2000122070312,733.5700073242188,733.5700073242188,15246100,TSLA,1.17999267578125,4.785356794084821,0.7110704694475446,87.06304231176955,76754300,17.90635860940636,4971766.490785745,0.0,0.0,704.8823551630055,717.4733411649474,12.590986001941928
15,2021-09-07,740.0,760.2000122070312,739.260009765625,752.9199829101562,752.9199829101562,20039800,TSLA,19.3499755859375,5.5185699462890625,0.7110704694475446,88.58568999181206,96794100,-2.970914346000949,3625961.1879150975,4.865143476213727,0.5820436719736515,708.4406979590908,722.9266706642103,14.48597270511948
16,2021-09-08,761.5800170898438,764.4500122070312,740.77001953125,753.8699951171875,753.8699951171875,18793000,TSLA,0.95001220703125,6.142854963030134,0.7110704694475446,89.6253544563222,78001100,10.905839638510642,4749886.294189928,5.434607151576451,0.5267436781415211,711.8058310819127,727.6871821185144,15.8813510366017
17,2021-09-09,753.4099731445312,762.0999755859375,751.6300048828125,754.8599853515625,754.8599853515625,14077700,TSLA,0.989990234375,5.934999738420759,0.7110704694475446,89.30088838655803,63923400,22.102623778180558,3901538.8481597872,5.204857962472098,0.5076908434102884,714.9950276944794,731.8676133851372,16.872585690657843
18,2021-09-10,759.5999755859375,762.6099853515625,734.52001953125,736.27001953125,736.27001953125,15114300,TSLA,-18.5899658203125,5.934999738420759,1.0278560093470983,85.23801085960157,79037700,3.1444565577897117,5122852.434220607,5.350143432617187,0.4877937240122186,716.5709530157217,732.5449066383853,15.973953622663657
19,2021-09-13,740.2100219726562,744.780029296875,708.8499755859375,743.0,743.0,22952500,TSLA,6.72998046875,4.762499128069196,1.4514269147600447,76.64235292219216,101990200,-14.644965439021954,3957344.5447126115,4.352000645228794,0.5830682560339585,718.5286601997424,734.1533825401723,15.624722340429912
20,2021-09-14,742.5700073242188,754.469970703125,736.4000244140625,744.489990234375,744.489990234375,18524900,TSLA,1.489990234375,4.047855922154018,1.4514269147600447,73.60697825874115,83465300,5.913474150540884,5591489.907338354,3.4918225969587047,0.5526858387906761,720.4517216837892,735.743629877742,15.29190819395285
21,2021-09-15,745.0,756.8599853515625,738.3599853515625,755.8300170898438,755.8300170898438,15357700,TSLA,11.34002685546875,4.3310699462890625,1.4514269147600447,74.89965062433748,68107600,25.351029740705997,4125795.087931537,3.188822283063616,0.5852258651336426,723.0723361583117,738.8338432949885,15.761507136676755
22,2021-09-16,752.8300170898438,758.9099731445312,747.6099853515625,756.989990234375,756.989990234375,13923400,TSLA,1.15997314453125,4.777498517717634,1.1896405901227678,80.06346812730303,54184200,6.6208889148748025,5408633.431875375,3.095501273018973,0.5850560751573225,725.5847549787609,741.6270966702788,16.04234169151789
23,2021-09-17,757.1500244140625,761.0399780273438,750.0,759.489990234375,759.489990234375,28204200,TSLA,2.5,4.882498604910714,1.1896405901227678,80.4082127910408,82388400,-43.2508171333869,4361721.987946197,2.9395372663225445,0.584334923930638,728.0962538865842,744.3752341416782,16.278980255093984
24,2021-09-20,734.5599975585938,742.0,718.6199951171875,730.1699829101562,730.1699829101562,24757700,TSLA,-29.32000732421875,3.8199986049107144,2.147497994559152,64.01341904828351,57630700,-35.435260321078964,5230328.433865314,2.3956793648856025,0.4891632761299071,728.2498634438858,742.1898108752902,13.939947431404335
25,2021-09-21,734.7899780273438,744.739990234375,730.4400024414062,739.3800048828125,739.3800048828125,16330700,TSLA,9.21002197265625,2.969999040876116,2.8657117571149553,50.893526833072855,41300000,-19.345455072280796,4465234.991188407,1.2179286411830357,0.5883953791892036,729.0743183652878,741.7575330302936,12.683214665005835
26,2021-09-22,743.530029296875,753.6699829101562,739.1199951171875,751.9400024414062,751.9400024414062,15126300,TSLA,12.55999755859375,3.6339263916015625,2.8657117571149553,55.90967233028431,26173700,-25.958220514510746,4836676.471569433,0.747821044921875,0.6135597445019605,730.7680727412966,743.3240667858494,12.55599404455279
27,2021-09-23,755.0,758.2000122070312,747.9199829101562,753.6400146484375,753.6400146484375,11947500,TSLA,1.70001220703125,4.143212454659598,2.7467847551618303,60.13373196659074,14226200,-50.246213659748605,5156976.232069848,0.6988917759486607,0.6113598320768991,732.4622906603441,744.911135687786,12.448845027441848
28,2021-09-24,745.8900146484375,774.7999877929688,744.5599975585938,774.3900146484375,774.3900146484375,21373000,TSLA,20.75,4.944998604910714,2.728212629045759,64.44496905060393,35599200,-86.81322377166109,1358437.3913189066,0.5879643031529017,0.6020789561754121,735.5680479927954,749.4463478355785,13.878299842783122
29,2021-09-27,773.1199951171875,799.0,769.3099975585938,791.3599853515625,791.3599853515625,28070700,TSLA,16.969970703125,5.558927263532366,2.728212629045759,67.0789601188087,63669900,-36.8075062956913,4303512.302867663,0.8773936680385045,0.674204643637338,739.7007840934448,755.8945997611145,16.193815667669696
30,2021-09-28,787.2000122070312,795.6400146484375,766.1799926757812,777.5599975585938,777.5599975585938,25381400,TSLA,-13.79998779296875,4.947141374860491,2.728212629045759,64.45489514024658,38288500,28.026135850333553,5974815.98090686,1.4747863769531249,0.8369867067004136,742.5051702760485,759.2277378838036,16.72256760775508
31,2021-09-29,779.7999877929688,793.5,770.6799926757812,781.3099975585938,781.3099975585938,20942900,TSLA,3.75,4.877855573381696,3.0871407645089284,61.24115274450336,17345600,38.11993867554281,5157731.744643182,2.073643057686942,0.8297150588379053,745.3796019266074,762.625008603002,17.245406676394623
32,2021-09-30,781.0,789.1300048828125,775.0,775.47998046875,775.47998046875,17956000,TSLA,-5.83001708984375,4.877855573381696,2.5328565325055803,65.82168492966542,-610400,4.619565357994196,7214571.271316127,2.705392892020089,0.7962295340640491,747.6092595963958,764.6026965823479,16.993436985952144
33,2021-10-01,778.4000244140625,780.780029296875,763.5900268554688,775.219970703125,775.219970703125,17031400,TSLA,-0.260009765625,4.877855573381696,2.326786586216518,67.704342080103,-17641800,-61.440100255035645,5529181.255927499,3.1216777256556916,0.7317283805379368,749.6544974561534,766.2361233701597,16.58162591400628
34,2021-10-04,796.5,806.969970703125,776.1199951171875,781.530029296875,781.530029296875,30483300,TSLA,6.31005859375,4.800358363560268,2.326786586216518,67.3531743410187,12841500,-104.27139435527309,981901.839000884,2.9266775948660713,0.7404403142394176,752.0156479628736,768.5890319742698,16.57338401139623
35,2021-10-05,784.7999877929688,797.3099975585938,774.2000122070312,780.5900268554688,780.5900268554688,18432600,TSLA,-0.94000244140625,4.533931187220982,2.326786586216518,66.08537673382966,-5591100,-44.43663717207947,5777396.821960562,2.9426071166992185,0.7398344197873407,754.1322686215843,770.4353388790696,16.303070257485274
36,2021-10-06,776.2000122070312,786.6599731445312,773.219970703125,782.75,782.75,14632800,TSLA,2.15997314453125,4.131072998046875,2.326786586216518,63.96969373743484,-20223900,-16.775488430260506,4814824.089230398,2.8400004795619416,0.7449867352820498,756.2521005755411,772.3299021284435,16.077801552902315
37,2021-10-07,785.4600219726562,805.0,783.3800048828125,793.6099853515625,793.6099853515625,19195800,TSLA,10.8599853515625,4.465358189174107,2.326786586216518,65.7429771719979,-1028100,-14.061524180784003,4647265.68999808,2.9864652361188613,0.7278739684436746,759.0193512996909,775.6037610858464,16.584409786155447
38,2021-10-08,796.2100219726562,796.3800048828125,780.9099731445312,785.489990234375,785.489990234375,16711100,TSLA,-8.1199951171875,4.563214983258929,1.368929181780134,76.92353483504527,-17739200,0.08382181964752407,4889434.774449905,3.3414289202008924,0.7002418909553394,760.9801393689268,777.1247194163892,16.144580047462455
39,2021-10-11,787.6500244140625,801.239990234375,785.5,791.9400024414062,791.9400024414062,14200300,TSLA,6.45001220703125,4.563214983258929,0.710357666015625,86.52985910579342,-31939500,-29.285067142829792,3647251.4479445117,3.4340356009347097,0.683204349963165,763.2734625594809,779.4039937279302,16.13053116844935
40,2021-10-12,800.9299926757812,812.3200073242188,796.5700073242188,805.719970703125,805.719970703125,22020000,TSLA,13.77996826171875,4.508213588169643,0.710357666015625,86.38788987606672,-9919500,-25.980676483478046,3429731.39488114,2.7573209490094865,0.6002784255671721,766.4176483478989,783.4526055702679,17.03495722236903
41,2021-10-13,810.469970703125,815.4099731445312,805.780029296875,811.0800170898438,811.0800170898438,14120100,TSLA,5.36004638671875,4.682499476841518,0.710357666015625,86.82780486858444,-24039600,-5.330757278398651,4184515.715810692,2.467641775948661,0.528830335069247,769.7259719584133,787.7029765732796,17.977004614866246
42,2021-10-14,815.489990234375,820.25,813.3499755859375,818.3200073242188,818.3200073242188,12247200,TSLA,7.239990234375,4.330714634486607,0.710357666015625,85.90859992337636,-36286800,-19.767099521853435,3797168.143318562,2.433892386300223,0.5214549420750549,773.3255301336582,792.4132889965009,19.087758862842747
43,2021-10-15,823.739990234375,843.2100219726562,822.3499755859375,843.030029296875,843.030029296875,18818000,TSLA,24.71002197265625,4.124644688197544,0.710357666015625,85.30801819782721,-17468800,-15.106192414539256,3493914.177056061,2.4185001918247764,0.5171553133840334,778.4888263679705,800.2004798119431,21.711653443972523
44,2021-10-18,851.7899780273438,875.260009765625,851.469970703125,870.1099853515625,870.1099853515625,24207200,TSLA,27.0799560546875,5.861073085239956,0.710357666015625,89.19021301594178,6738400,1.3318873207079736,3891157.5901052034,3.382715715680803,0.7183166731700842,785.2755788852737,810.9557883565,25.68020947122625
45,2021-10-19,877.530029296875,877.9500122070312,862.510009765625,864.27001953125,864.27001953125,17381100,TSLA,-5.8399658203125,6.6196441650390625,0.35142953055245535,94.95874601390747,-10642700,20.638070318227985,5394655.974066681,5.263643537248884,0.8855371864128824,791.1270189331238,819.157977768,28.030958834876174
46,2021-10-20,865.3499755859375,869.489990234375,857.3800048828125,865.7999877929688,865.7999877929688,14032100,TSLA,1.52996826171875,6.6196441650390625,0.43107169015066965,93.8861287420429,-24674800,36.12565201216348,4227037.408319607,6.323036847795759,0.8843702678015001,796.658349959779,826.3336716179953,29.675321658216262
47,2021-10-21,856.0,900.0,855.5,894.0,894.0,31481500,TSLA,28.20001220703125,7.681429181780134,0.21357073102678573,97.29486088175453,6806700,15.548481867839897,5607460.104631448,7.218143572126115,0.7908278438140374,803.8688425553509,836.7438759844575,32.87503342910668
48,2021-10-22,895.5,910.0,890.9600219726562,909.6799926757812,909.6799926757812,22880800,TSLA,15.67999267578125,9.032499040876116,0.21357073102678573,97.69014579929099,-16074100,8.867417165156407,5104456.27809009,8.349928719656807,0.8036372219102476,811.7067055272346,847.9648170138919,36.2581114866573
49,2021-10-25,950.530029296875,1045.02001953125,944.2000122070312,1024.8599853515625,1024.8599853515625,62852100,TSLA,115.17999267578125,13.5142822265625,0.21357073102678573,98.44425248662999,46778000,-14.578580627535676,4852383.44391702,9.442999049595423,0.8106726954012462,827.4958373660737,875.1794582966104,47.68362093053668
50,2021-10-26,1024.68994140625,1094.93994140625,1001.4400024414062,1018.4299926757812,1018.4299926757812,62415000,TSLA,-6.42999267578125,17.354640415736608,0.21357073102678573,98.78433422024227,-15637000,63.87124347599772,7506097.111164585,13.115642220633369,1.8573936776830302,841.6391081297558,897.2180020472521,55.578893917496316
51,2021-10-27,1039.6600341796875,1070.8800048828125,1030.780029296875,1037.8599853515625,1037.8599853515625,38526500,TSLA,19.42999267578125,17.353927612304688,0.21357073102678573,98.78428489445194,-54163500,30.034548042579416,10012886.795676526,15.731642804827011,2.0065839836691013,856.1739879239638,918.8552302479152,62.68124232395144
52,2021-10-28,1068.31005859375,1081.0,1054.199951171875,1077.0400390625,1077.0400390625,27213200,TSLA,39.1800537109375,19.349286760602677,0.21357073102678573,98.90828458409939,-81376700,-62.86807221715439,11527151.890874866,18.0456782749721,2.017083810333411,872.5344361564479,943.1913546809282,70.65691852448026
53,2021-10-29,1081.8599853515625,1115.2099609375,1073.2099609375,1114.0,1114.0,29918400,TSLA,36.9599609375,22.068572998046875,0.15392848423549108,99.30733052551165,-51458300,-119.80657856407014,11522116.628876543,20.738393293108256,1.9654166765004504,890.4207742189332,969.4696078069392,79.048833588006
54,2021-11-01,1145.0,1209.75,1118.6600341796875,1208.5899658203125,1208.5899658203125,56048700,TSLA,94.5899658203125,26.044285365513392,0.15392848423549108,99.41244664572059,4590400,-135.67353160470665,9836436.75092934,23.110857282366066,1.9631908175048713,913.988862485702,1006.257355193612,92.26849270791001
55,2021-11-02,1159.3599853515625,1208.5899658203125,1146.0,1172.0,1172.0,42737800,TSLA,-36.5899658203125,27.432141985212052,0.15392848423549108,99.44200648509917,-38147400,22.331788493747773,12163806.049626628,26.8591064453125,2.3375098282965587,933.1007985978722,1031.756223625364,98.6554250274919
56,2021-11-03,1177.3299560546875,1215.3900146484375,1152.6199951171875,1213.8599853515625,1213.8599853515625,34628500,TSLA,41.8599853515625,27.170355660574778,0.15392848423549108,99.43666050528637,-72775900,61.055037303296835,9235394.55365606,28.598284258161268,2.1396967517295935,953.8977753944419,1059.7721869678562,105.87441157341436
57,2021-11-04,1234.4100341796875,1243.489990234375,1217.0,1229.9100341796875,1229.9100341796875,25397400,TSLA,16.050048828125,28.097499302455358,0.15392848423549108,99.45514794721983,-98173300,15.787736246883199,12260224.736660961,30.228962925502234,1.9838492434800863,974.3431278970527,1085.947240385061,111.60411248800824
58,2021-11-05,1228.0,1239.8699951171875,1208.0,1222.0899658203125,1222.0899658203125,21579900,TSLA,-7.820068359375,26.541785103934153,0.15392848423549108,99.42339625525611,-119753200,-88.3731892287927,10062932.525016421,31.029249790736603,1.8822672014011101,992.6947455209979,1106.8922750674074,114.19752954640944
59,2021-11-08,1149.7900390625,1197.0,1133.0,1162.93994140625,1162.93994140625,33445700,TSLA,-59.1500244140625,25.783214024135045,2.545717511858259,91.01371857733568,-86307500,-159.7339122902967,2531427.48942832,30.870071193150117,1.918854576602908,1005.3055007717574,1115.514992965691,110.20949219393356
60,2021-11-09,1173.5999755859375,1174.5,1011.52001953125,1023.5,1023.5,59105800,TSLA,-139.43994140625,25.783214024135045,9.484287806919642,73.10757123554387,-27201700,-74.14479753667334,7427049.543542396,28.652069527762272,2.678785613770697,1006.6532414553309,1101.3588402017385,94.70559874640765
61,2021-11-10,1010.4099731445312,1078.0999755859375,987.3099975585938,1067.949951171875,1067.949951171875,42802700,TSLA,44.449951171875,24.721429007393972,12.876787458147321,65.75160029213387,-70004400,53.30146724403688,11143725.211980656,21.735391889299663,4.763279163079597,1011.1937384713711,1096.219011120221,85.02527264884986
62,2021-11-11,1102.77001953125,1104.969970703125,1054.6800537109375,1063.510009765625,1063.510009765625,22396600,TSLA,-4.43994140625,24.583214896065847,12.876787458147321,65.62523585453258,-92401000,77.03809908670436,9346524.592201816,15.404997907366072,5.258274657438586,1015.0690178265011,1091.1868570656677,76.11783923916664
63,2021-11-12,1047.5,1054.5,1019.2000122070312,1033.4200439453125,1033.4200439453125,25182300,TSLA,-30.0899658203125,19.909643990652903,14.109998430524554,58.52396607866465,-67218700,36.74060406556522,11766475.927746307,9.047355869838169,5.343659060101686,1016.4283530945612,1082.2996550471514,65.87130195259022
64,2021-11-15,1017.6300048828125,1031.97998046875,978.5999755859375,1013.3900146484375,1013.3900146484375,34775600,TSLA,-20.030029296875,16.02571541922433,15.899998256138392,50.196890137467705,-32443100,-13.981531259070996,9173734.15122944,1.780071585518973,5.038287565358685,1016.2032909874409,1071.6981719088876,55.49488092144668
65,2021-11-16,1003.3099975585938,1057.199951171875,1002.1799926757812,1054.72998046875,1054.72998046875,26542400,TSLA,41.3399658203125,16.322498866489955,15.899998256138392,50.655598802202796,-58985500,-3.9826230124009725,10013620.447948217,-3.139035252162388,5.044681037895336,1019.0571198379083,1069.0876809180972,50.03056108018893
66,2021-11-17,1063.510009765625,1119.6400146484375,1055.5,1089.010009765625,1089.010009765625,31445400,TSLA,34.280029296875,16.929997035435267,15.899998256138392,51.568685542213956,-27540100,42.42610356341043,6328406.014690166,-7.167392839704241,4.55580159367282,1024.2388153881095,1072.1526545869476,47.913839198838104
67,2021-11-18,1106.550048828125,1112.0,1075.02001953125,1096.3800048828125,1096.3800048828125,20898900,TSLA,7.3699951171875,15.698211669921875,15.899998256138392,49.68069933915767,-48439000,71.38048845354434,5541185.075258421,-9.91324986049107,3.9632107185372214,1029.582607202532,1075.87993924785,46.297332045317944
68,2021-11-19,1098.8699951171875,1138.719970703125,1092.699951171875,1137.06005859375,1137.06005859375,21168000,TSLA,40.6800537109375,12.716073172433036,15.899998256138392,44.43682356669267,-27271000,21.970837250623617,5670909.244533308,-11.53810555594308,3.564204504570901,1037.5438998981776,1085.2922653010653,47.74836540288766
69,2021-11-22,1162.3299560546875,1201.949951171875,1132.4300537109375,1156.8699951171875,1156.8699951171875,33072500,TSLA,19.8099365234375,12.805001395089286,15.899998256138392,44.608958546152195,5801500,10.809237578460069,5022429.148274103,-11.159032331194195,3.668112098536244,1046.3828699144005,1096.3042237343147,49.9213538199142
70,2021-11-23,1167.510009765625,1180.5,1062.699951171875,1109.030029296875,1109.030029296875,36171700,TSLA,-47.8399658203125,12.616786411830358,16.901070731026785,42.74289407516636,41973200,67.18324018935452,5102938.017087151,-7.664497593470981,4.081824479738153,1051.0234002390284,1098.2620399747086,47.23863973568018
71,2021-11-24,1080.3900146484375,1132.77001953125,1062.0,1116.0,1116.0,22560200,TSLA,6.969970703125,10.548570905412946,18.360713413783483,36.48852316419487,19413000,100.0,6565533.731101632,-6.226675415039062,4.155606697597416,1055.8364817028041,1100.9909569016766,45.15447519887243
72,2021-08-16,148.5399932861328,151.19000244140625,146.47000122070312,151.1199951171875,150.89976501464844,103296000,AAPL,,,,,103296000,0.0,0.0,0.0,0.0,151.1199951171875,151.1199951171875,0.0
73,2021-08-17,150.22999572753906,151.67999267578125,149.08999633789062,150.19000244140625,149.97113037109375,92229700,AAPL,-0.92999267578125,,,,11066300,0.0,0.0,0.0,0.0,151.05110677083331,150.97691932091345,-0.07418744991986159
74,2021-08-18,149.8000030517578,150.72000122070312,146.14999389648438,146.36000061035156,146.14669799804688,86326000,AAPL,-3.8300018310546875,,,,-75259700,0.0,0.0,0.0,0.0,150.70361742561246,150.26662413467318,-0.4369932909392844
75,2021-08-19,145.02999877929688,148.0,144.5,146.6999969482422,146.4862060546875,86960300,AAPL,0.339996337890625,,,,11700600,0.0,0.0,0.0,0.0,150.40705294580727,149.71791225983765,-0.689140685969619
76,2021-08-20,147.44000244140625,148.5,146.77999877929688,148.19000244140625,147.9740447998047,59947400,AAPL,1.4900054931640625,,,,-48246800,0.0,0.0,0.0,0.0,150.24282698251832,149.4828492108482,-0.7599777716701226
77,2021-08-23,148.30999755859375,150.19000244140625,147.88999938964844,149.7100067138672,149.49183654785156,60131800,AAPL,1.5200042724609375,,,,11885000,-50.29125403184639,18048287.89942784,0.0,0.0,150.20335881447008,149.51779651900497,-0.6855622954651039
78,2021-08-24,149.4499969482422,150.86000061035156,149.14999389648438,149.6199951171875,149.40194702148438,48606400,AAPL,-0.0900115966796875,,,,-36721400,4.763938906490429,14979190.519004468,0.0,0.0,150.16014668874544,149.53351938026384,-0.6266273084816021
79,2021-08-25,149.80999755859375,150.32000732421875,147.8000030517578,148.36000061035156,148.14378356933594,58991300,AAPL,-1.2599945068359375,,,,22269900,12.846870149853824,13275597.658475995,0.0,0.0,150.02680253479036,149.35297803104658,-0.6738245037437878
80,2021-08-26,148.35000610351562,149.1199951171875,147.50999450683594,147.5399932861328,147.32498168945312,48597200,AAPL,-0.82000732421875,,,,-26327300,5.431332322579637,11601244.602357686,0.0,0.0,149.8425944422972,149.07405730105984,-0.768537141237374
81,2021-08-27,147.47999572753906,148.75,146.8300018310547,148.60000610351562,148.38345336914062,55721500,AAPL,1.0600128173828125,,,,29394200,9.016287678371478,10835721.41531118,0.0,0.0,149.75055086164673,149.0011263475915,-0.7494245140552209
82,2021-08-30,149.0,153.49000549316406,148.61000061035156,153.1199951171875,152.8968505859375,90956700,AAPL,4.519989013671875,,,,120350900,7.551138228604818,10545977.135449959,0.0,0.0,150.00013932502014,149.63479846599088,-0.36534085902925995
83,2021-08-31,152.66000366210938,152.8000030517578,151.2899932861328,151.8300018310547,151.60873413085938,86453100,AAPL,-1.2899932861328125,,,,33897800,53.42022290012262,13152684.13145013,0.0,0.0,150.1356846958375,149.9725220606161,-0.1631626352214255
84,2021-09-01,152.8300018310547,154.97999572753906,152.33999633789062,152.50999450683594,152.28773498535156,80313700,AAPL,0.67999267578125,,,,-46415900,28.256429919950037,16681873.738622209,0.0,0.0,150.31155949665222,150.3629024369576,0.051342940305374896
85,2021-09-02,153.8699951171875,154.72000122070312,152.39999389648438,153.64999389648438,153.4260711669922,71115500,AAPL,1.1399993896484375,0.612142835344587,0.4389288766043527,58.2398734915553,-117531400,-5.9317651464234915,23634700.61983439,0.0,0.0,150.55885093367684,150.86860881534633,0.3097578816694977
86,2021-09-03,153.75999450683594,154.6300048828125,153.08999633789062,154.3000030517578,154.07513427734375,57808700,AAPL,0.6500091552734375,0.6760717119489398,0.4389288766043527,60.634202249717134,-175340100,-76.59103085237531,19296810.793313317,0.0,0.0,150.83597331279395,151.3965156209481,0.5605423081541403
87,2021-09-07,154.97000122070312,157.25999450683594,154.38999938964844,156.69000244140625,156.46165466308594,82278300,AAPL,2.3899993896484375,0.7846434456961495,0.4389288766043527,64.1272633742565,-93061800,-123.51379133401197,3270598.40777394,0.37421417236328125,0.11883777239875115,151.26960510009857,152.2108982087109,0.9412931086123137
88,2021-09-08,156.97999572753906,157.0399932861328,153.97999572753906,155.11000061035156,154.8839569091797,74420200,AAPL,-1.5800018310546875,0.8135719299316406,0.2689290727887835,75.15669065313196,-167482000,-63.65875988569327,18359525.562236078,0.5670355660574776,0.10572116212562668,151.55407884159882,152.65691396280945,1.1028351212106315
89,2021-09-09,155.49000549316406,156.11000061035156,153.9499969482422,154.07000732421875,153.84547424316406,57305700,AAPL,-1.0399932861328125,0.8135719299316406,0.2378572736467634,77.3777185532562,-224787700,-36.19268659064176,14973021.213119725,0.6738928113664899,0.07980585691477475,151.74044391438548,152.87431294148783,1.1338690271023495
90,2021-09-10,155.0,155.47999572753906,148.6999969482422,148.97000122070312,148.75289916992188,140646400,AAPL,-5.100006103515625,0.7482147216796875,0.4571429661342076,62.07408217860145,-84141300,-34.362272393354566,14614398.824076433,0.6277501787458146,0.0856752540471765,151.53522593707567,152.27364959982864,0.7384236627529788
91,2021-09-13,150.6300048828125,151.4199981689453,148.75,149.5500030517578,149.33206176757812,102404300,AAPL,0.5800018310546875,0.6407143729073661,0.6185716901506696,50.87917604292886,-186545600,8.425631951079433,21492731.11919392,0.4362858363560268,0.13621199867306744,151.3881723900151,151.8546270539716,0.4664546639565117
92,2021-09-14,150.35000610351562,151.07000732421875,146.91000366210938,148.1199951171875,147.9041290283203,109296300,AAPL,-1.4300079345703125,0.5896432059151786,0.6489290509905133,47.60668605546487,-77249300,-17.230961653769526,21395194.625201084,0.2937859671456473,0.1567441227473018,151.14608518462046,151.28006829446636,0.13398310984590012
93,2021-09-15,148.55999755859375,149.44000244140625,146.3699951171875,149.02999877929688,148.81280517578125,83281300,AAPL,0.910003662109375,0.5896432059151786,0.619286128452846,48.774001023262315,-160530600,36.36643135992487,20051560.252046056,0.15410744803292412,0.17792965575978198,150.98933804348536,150.93390375367105,-0.05543428981431475
94,2021-09-16,148.44000244140625,148.97000122070312,147.22000122070312,148.7899932861328,148.57315063476562,68034100,AAPL,-0.2400054931640625,0.6135717119489398,0.5450003487723214,52.959305057552044,-228564700,22.51518707867018,22196201.58893258,0.04028587341308593,0.18452570665608276,150.8264236170148,150.60407137404977,-0.2223522429650302
95,2021-09-17,148.82000732421875,148.82000732421875,145.75999450683594,146.05999755859375,145.84713745117188,129868800,AAPL,-2.7299957275390625,0.6050000871930804,0.6510718209402901,48.16603916348721,-98695900,-43.70336917529349,18535755.816273946,-0.11342855181012833,0.1802969086264352,150.47335502009471,149.90498309474884,-0.5683719253458719
96,2021-09-20,143.8000030517578,144.83999633789062,141.27000427246094,142.94000244140625,142.731689453125,123478900,AAPL,-3.1199951171875,0.4057143075125558,0.8600000653948102,32.05417558628362,-222174800,4.054543453152763,22718348.268061507,-0.36035733904157363,0.16509354992814118,149.91532890315483,148.8334476096192,-1.0818812935356164
97,2021-09-21,143.92999267578125,144.60000610351562,142.77999877929688,143.42999267578125,143.22096252441406,75834000,AAPL,0.489990234375,0.29035731724330355,0.9539288112095424,23.335253090407406,-298008800,-37.91428790916652,21557012.30644219,-0.6497142246791294,0.14687080106254263,149.43493362705308,148.00214685056721,-1.4327867764858695
98,2021-09-22,144.4499969482422,146.42999267578125,143.6999969482422,145.85000610351562,145.637451171875,76404300,AAPL,2.420013427734375,0.39428601946149555,0.932143075125558,29.72537477280271,-221604500,-44.656928490450774,22736334.322333053,-0.7774645124162947,0.1422766367347785,149.1693834401244,147.67104827409776,-1.498335166026635
99,2021-09-23,146.64999389648438,147.0800018310547,145.63999938964844,146.8300018310547,146.61602783203125,64838200,AAPL,0.9799957275390625,0.45071520124162945,0.932143075125558,32.59301469603035,-286442700,-30.82685150666928,23980604.1873198,-0.8469642639160155,0.12578105835781944,148.99609591352663,147.5416565136296,-1.4544393998970406
100,2021-09-24,145.66000366210938,147.47000122070312,145.55999755859375,146.9199981689453,146.7058868408203,53477900,AAPL,0.089996337890625,0.4250003269740513,0.932143075125558,31.315800991740588,-339920600,-62.34181477400875,19166147.752363626,-0.8511786324637276,0.12456275773634623,148.8423108954095,147.44601676829353,-1.396294127115965
101,2021-09-27,145.47000122070312,145.9600067138672,143.82000732421875,145.3699951171875,145.15814208984375,74150700,AAPL,-1.5500030517578125,0.3164285932268415,0.9842861720493862,24.32728540293327,-265769900,-37.23407439382214,13531398.204377597,-0.8002859933035713,0.13589764494769502,148.58510231924492,147.12662882196952,-1.4584734972754063
102,2021-09-28,143.25,144.75,141.69000244140625,141.91000366210938,141.70318603515625,108972300,AAPL,-3.459991455078125,0.2875001089913504,1.1632145472935267,19.817826182828185,-156797600,-8.95217055421073,15547112.726817371,-0.7455360412597656,0.14129371758269996,148.09065056686453,146.32407110506796,-1.7665794617965673
103,2021-09-29,142.47000122070312,144.4499969482422,142.02999877929688,142.8300018310547,142.62185668945312,74602000,AAPL,0.9199981689453125,0.2875001089913504,1.1603573390415736,19.856934768125925,-231399600,24.98948286280299,23673135.474975288,-0.6771072932652065,0.13068763428515223,147.70097288273044,145.786521985989,-1.9144508967414424
104,2021-09-30,143.66000366210938,144.3800048828125,141.27999877929688,141.5,141.29379272460938,88934200,AAPL,-1.3300018310546875,0.2875001089913504,0.9557146344866071,23.125538890172265,-142465400,48.754488281830675,18178729.833043892,-0.5780357905796596,0.11902365783321538,147.24164155808376,145.12705706506762,-2.114584493016139
105,2021-10-01,141.89999389648438,142.9199981689453,139.11000061035156,142.64999389648438,142.44210815429688,94639600,AAPL,1.149993896484375,0.2875001089913504,0.8007147652762276,26.41942467335342,-47825800,71.380300678717,16247503.375676934,-0.4980712890625,0.1023553343773757,146.9015195090764,144.7459704237471,-2.155549085329284
106,2021-10-04,141.75999450683594,142.2100067138672,138.27000427246094,139.13999938964844,138.93722534179688,98322000,AAPL,-3.5099945068359375,0.2875001089913504,0.8546431405203683,25.17198338424366,50496200,74.862129892381,16856594.212489467,-0.4901785169328962,0.10278619894579,146.32659209282247,143.8835133415781,-2.4430787512443715
107,2021-10-05,139.49000549316406,142.24000549316406,139.36000061035156,141.11000061035156,140.90435791015625,80861100,AAPL,1.970001220703125,0.2875001089913504,0.8910713195800781,24.393948641690343,-30364900,99.46158908705263,19773692.207910992,-0.5308926718575614,0.10823203399117631,145.94017790893574,143.45681907523556,-2.48335883370018
108,2021-10-06,139.47000122070312,142.14999389648438,138.3699951171875,142.0,141.79306030273438,83221100,AAPL,0.8899993896484375,0.3657144818987165,0.8910713195800781,29.099189493420383,52856200,98.94106977825385,19954256.091754794,-0.5260355813162667,0.10844285645767542,145.6483128786442,143.23269306366086,-2.41561981498333
109,2021-10-07,143.05999755859375,144.22000122070312,142.72000122070312,143.2899932861328,143.0811767578125,61732700,AAPL,1.2899932861328125,0.4435713631766183,0.7849998474121094,36.10465224592559,-8876500,67.85908000573329,17741139.889412403,-0.4478927067347935,0.10945239154448304,145.47362253845816,143.2415084825027,-2.2321140559554635
110,2021-10-08,144.02999877929688,144.17999267578125,142.55999755859375,142.89999389648438,142.69174194335938,58718700,AAPL,-0.3899993896484375,0.4757140023367746,0.5760716029575893,45.2291797817138,-67595200,13.345307627510104,16263030.475668836,-0.31925016130719863,0.11097022566614372,145.28298337979342,143.18896777696142,-2.094015602832002
111,2021-10-11,142.27000427246094,144.80999755859375,141.80999755859375,142.80999755859375,142.6018829345703,64452200,AAPL,-0.089996337890625,0.4757140023367746,0.4992855616978237,48.79120154354179,-3143000,-35.69913771114504,14493421.600983897,-0.25871462140764506,0.11420926225146924,145.09979924488974,143.13066466644332,-1.9691345784464147
112,2021-10-12,143.22999572753906,143.25,141.0399932861328,141.50999450683594,141.30377197265625,73035900,AAPL,-1.3000030517578125,0.3717853001185826,0.5489283970424107,40.38012047230066,69892900,-10.975667750915614,15583399.183588497,-0.2782859802246094,0.11073122023821871,144.83388778281167,142.8813307957345,-1.9525569870771733
113,2021-10-13,141.24000549316406,141.39999389648438,139.1999969482422,140.91000366210938,140.70465087890625,78762700,AAPL,-0.5999908447265625,0.2503564017159598,0.6167853219168526,28.871451447073056,148655600,6.619045512848865,19837677.024378803,-0.31589339120047427,0.10622189437303259,144.54322969979668,142.57804969825372,-1.9651800015429615
114,2021-10-14,142.11000061035156,143.8800048828125,141.50999450683594,143.75999450683594,143.5504913330078,69907100,AAPL,2.8499908447265625,0.2924995422363281,0.6167853219168526,32.16808656643963,78748500,75.24987554028155,15599581.261520024,-0.2925001961844308,0.10579520325460318,144.4852122780959,142.75988736111253,-1.725324916983368
115,2021-10-15,143.77000427246094,144.89999389648438,143.50999450683594,144.83999633789062,144.62892150878906,67885200,AAPL,1.0800018310546875,0.4328564235142299,0.5646422249930245,43.39418646451249,10863300,73.90862046087841,16063688.093514932,-0.15221448625837053,0.10758448776232936,144.51149257882142,143.0799041267707,-1.431588452050704
116,2021-10-18,143.4499969482422,146.83999633789062,143.16000366210938,146.5500030517578,146.33642578125,85589200,AAPL,1.7100067138671875,0.5324995858328683,0.38571384974888395,57.99300742049072,96452500,6.130401859396601,22037607.094032086,0.028606905255998884,0.09714008025612014,144.6624933545945,143.61376549984564,-1.0487278547488472
117,2021-10-19,147.00999450683594,149.1699981689453,146.5500030517578,148.75999450683594,148.54319763183594,76378900,AAPL,2.209991455078125,0.672499520438058,0.2949998038155692,69.50904290882627,20073600,-14.079345606264322,17461071.183283687,0.2153212411063058,0.09051232046541223,144.9660119584642,144.4054930393826,-0.560518919081602
118,2021-10-20,148.6999969482422,149.75,148.1199951171875,149.25999450683594,149.04248046875,58418800,AAPL,0.5,0.7692849295479911,0.2803568158830915,73.2902376355134,-38345200,-39.81713317306269,15507056.926079389,0.3542141505650111,0.10892946513323987,145.28408473982506,145.1523394189908,-0.1317453208342556
119,2021-10-21,148.80999755859375,149.63999938964844,147.8699951171875,149.47999572753906,149.26214599609375,61421000,AAPL,0.220001220703125,0.794999258858817,0.27392796107700895,74.3735629546926,23075800,-37.40893323139331,15059192.639150128,0.507428468976702,0.108696038740419,145.5948929611372,145.818132697229,0.2232397360918128
120,2021-10-22,149.69000244140625,150.17999267578125,148.63999938964844,148.69000244140625,148.4733123779297,58883400,AAPL,-0.7899932861328125,0.794999258858817,0.20999908447265625,79.10453426455118,-35807600,-18.35264551311491,16426097.323315522,0.6051785060337611,0.10700157640795256,145.82416033004603,146.2599588117178,0.4357984816717817
121,2021-10-25,148.67999267578125,149.3699951171875,147.6199951171875,148.63999938964844,148.4233856201172,50720600,AAPL,-0.0500030517578125,0.794999258858817,0.1849991934640067,81.12250146665887,-86528200,-43.484912023523805,13285558.486677682,0.6875356946672712,0.09144235737947239,146.03274100112768,146.62611890063022,0.593377899502542
122,2021-10-26,149.3300018310547,150.83999633789062,149.00999450683594,149.32000732421875,149.10240173339844,60893400,AAPL,0.6800079345703125,0.7153565543038505,0.1849991934640067,79.45265591710246,-25634800,-35.029299995976054,11509935.10454917,0.6467857905796596,0.09259468699191838,146.27624221024553,147.04056327349,0.7643210632444664
123,2021-10-27,149.36000061035156,149.72999572753906,148.49000549316406,148.85000610351562,148.63308715820312,56094900,AAPL,-0.470001220703125,0.6449999128069196,0.1849991934640067,77.710916546021,-81729700,-13.997885598156566,13405425.340132505,0.6453932625906807,0.09270886151675092,146.4668913875248,147.31893909349392,0.8520477059691132
124,2021-10-28,149.82000732421875,153.1699981689453,149.72000122070312,152.57000732421875,152.34765625,100077900,AAPL,3.720001220703125,0.728928702218192,0.1849991934640067,79.75779114107085,18348200,-33.16235433557134,11722338.546262857,0.6283578055245536,0.0952220061959559,146.91897404950214,148.12679574437468,1.2078216948725355
125,2021-10-29,147.22000122070312,149.94000244140625,146.41000366210938,149.8000030517578,149.58169555664062,124850400,AAPL,-2.7700042724609375,0.762857164655413,0.16785648890904017,81.96475486674314,143198600,18.8078172342706,14410095.283384956,0.7167150224958146,0.0912960524487817,147.13238360522476,148.38421225320286,1.2518286479781011
126,2021-11-01,148.99000549316406,149.6999969482422,147.8000030517578,148.9600067138672,148.742919921875,74588300,AAPL,-0.839996337890625,0.762857164655413,0.24714224679129465,75.53045635568323,68610300,83.71085837465085,18359756.028019547,0.6915363856724329,0.09633598004046179,147.26776309475383,148.47279601638198,1.2050329216281455
127,2021-11-02,148.66000366210938,151.57000732421875,148.64999389648438,150.02000427246094,149.80137634277344,69122000,AAPL,1.05999755859375,0.770714351109096,0.17928532191685267,81.12785435538191,-511700,68.74275232067076,20639497.286548268,0.6181436266217912,0.1097503990594064,147.47163281162102,148.71082805577873,1.2391952441577132
128,2021-11-03,150.38999938964844,151.97000122070312,149.82000732421875,151.49000549316406,151.2692413330078,54511500,AAPL,1.470001220703125,0.7807143075125558,0.17928532191685267,81.32443842468837,-55023200,35.36719524495701,27886684.64495257,0.5121435437883649,0.10958754359000508,147.7692900472909,149.13839381537647,1.36910376808558
129,2021-11-04,151.5800018310547,152.42999267578125,150.63999938964844,150.9600067138672,150.74000549316406,60394600,AAPL,-0.529998779296875,0.673928941999163,0.17928532191685267,78.98706930964995,5371400,-48.29620714619935,21635464.9051744,0.39535800388881137,0.08654040747592151,148.00563943000023,149.4186419536058,1.41300252360557
130,2021-11-05,151.88999938964844,152.1999969482422,150.05999755859375,151.27999877929688,151.27999877929688,65414600,AAPL,0.3199920654296875,0.5742857796805245,0.18678556169782365,75.4575489126232,70786000,-66.3931324174916,15385002.268732365,0.30896508353097096,0.07609272272892939,148.24818456698517,149.70500454217367,1.4568199751884947
131,2021-11-08,151.41000366210938,151.57000732421875,150.16000366210938,150.44000244140625,150.44000244140625,55020900,AAPL,-0.839996337890625,0.4342858450753348,0.20535714285714285,67.89503727369542,15765100,1.7017808797281806,19297430.18900617,0.2357148306710379,0.06341056634998359,148.41054144657193,149.8180811420556,1.4075396954836776
132,2021-11-09,150.1999969482422,151.42999267578125,150.05999755859375,150.80999755859375,150.80999755859375,56787900,AAPL,0.3699951171875,0.3375004359654018,0.22214290073939733,60.30634402843371,72553000,26.332384102810877,13593102.85642931,0.1673219953264509,0.05841723397893746,148.58827893635132,149.97068366767684,1.382404731325522
133,2021-11-10,150.02000427246094,150.1300048828125,147.85000610351562,147.9199981689453,147.9199981689453,65187100,AAPL,-2.8899993896484375,0.3117861066545759,0.3121430533272879,49.971395256416415,137740100,44.154699855038096,11736132.44305948,0.15742879595075335,0.05875119054245503,148.5387766572842,149.65519359094893,1.1164169336647376
134,2021-11-11,148.9600067138672,149.42999267578125,147.67999267578125,147.8699951171875,147.8699951171875,41000000,AAPL,-0.0500030517578125,0.3117861066545759,0.3967862810407366,44.00201194244737,96740100,44.31404487600087,11768613.300317077,0.08224988664899552,0.07662237142329727,148.48923728394368,149.38054767190872,0.891310387965035
135,2021-11-12,148.42999267578125,150.39999389648438,147.47999572753906,149.99000549316406,149.99000549316406,63632600,AAPL,2.1200103759765625,0.3857149396623884,0.36678641183035715,51.25770723165363,160372700,28.91309835028103,12713325.179390848,0.01689235142299107,0.08630563904269639,148.6004052994415,149.4743104136403,0.8739051141988057
136,2021-11-15,150.3699951171875,151.8800048828125,149.42999267578125,150.0,150.0,59222800,AAPL,0.0099945068359375,0.43928636823381695,0.36678641183035715,54.497109826589586,101149900,52.1121737068577,10082853.391758705,-0.012286158970424106,0.08408301977614363,148.70407898096434,149.5551857346187,0.8511067536543635
137,2021-11-16,149.94000244140625,151.49000549316406,149.33999633789062,151.0,151.0,59256200,AAPL,1.0,0.46785736083984375,0.36678641183035715,56.054735703960226,160406100,13.273441908987605,11912542.583199162,-0.04728633335658482,0.08013337729335251,148.87414720459662,149.77746485236966,0.9033176477730365
138,2021-11-17,151.0,155.0,150.99000549316406,153.49000549316406,153.49000549316406,88807000,AAPL,2.4900054931640625,0.4764289855957031,0.36678641183035715,56.50145704763178,249213100,8.271009249427253,10938998.616515743,-0.04271485464913504,0.08081940994704542,149.2160626333794,150.34862495095342,1.1325623175740134
139,2021-11-18,153.7100067138672,158.6699981689453,153.0500030517578,157.8699951171875,157.8699951171875,137827700,AAPL,4.3799896240234375,0.6878574916294643,0.36678641183035715,65.22177669381175,387040800,50.71162358991379,14043827.04271643,0.0046781812395368305,0.09447680318552827,149.85709466921705,151.50575882268174,1.6486641534646935
140,2021-11-19,157.64999389648438,161.02000427246094,156.52999877929688,160.5500030517578,160.5500030517578,117147500,AAPL,2.6800079345703125,0.9400002615792411,0.23785781860351562,79.80590169516776,269893300,100.0,21189907.462572835,0.2512852805001395,0.13219521434308992,150.64916195681266,152.89718101177036,2.2480190549576946
141,2021-11-22,161.67999267578125,165.6999969482422,161.0,161.02000427246094,161.02000427246094,117467900,AAPL,0.470001220703125,1.0446434020996094,0.23785781860351562,81.45359904818561,387361200,93.8014736961826,23225060.68459026,0.46682107107979903,0.17127114894538134,151.41737249871255,154.14684612879967,2.7294736300871136
142,2021-11-23,161.1199951171875,161.8000030517578,159.05999755859375,161.41000366210938,161.41000366210938,96041900,AAPL,0.3899993896484375,0.9850006103515625,0.23785781860351562,80.54903061781542,291319300,78.91434544164827,22532850.244716045,0.6317141396658761,0.1891980327500788,152.15756739970493,155.26425498007808,3.1066875803731477
143,2021-11-24,160.75,162.13999938964844,159.63999938964844,161.94000244140625,161.94000244140625,69463600,AAPL,0.529998779296875,0.9842861720493862,0.23785781860351562,80.53766001202152,221855700,14.05601668375459,23533968.43856981,0.7935714176722934,0.1922460446238401,152.88219221760872,156.29129305105164,3.4091008334429205
144,2021-08-16,293.19000244140625,294.82000732421875,290.0199890136719,294.6000061035156,293.5001525878906,22507600,MSFT,,,,,22507600,0.0,0.0,0.0,0.0,294.6000061035156,294.6000061035156,0.0
145,2021-08-17,292.3900146484375,293.42999267578125,291.0799865722656,293.0799865722656,291.9858093261719,20075300,MSFT,-1.52001953125,,,,2432300,0.0,0.0,0.0,0.0,294.4874120641638,294.3661569448618,-0.12125511930196353
146,2021-08-18,292.0400085449219,294.82000732421875,290.2699890136719,290.7300109863281,290.1990966796875,21813000,MSFT,-2.3499755859375,,,,24245300,0.0,0.0,0.0,0.0,294.2090860583982,293.80674987431814,-0.4023361840800703
147,2021-08-19,288.69000244140625,297.4700012207031,288.6400146484375,296.7699890136719,296.22802734375,29850500,MSFT,6.03997802734375,,,,54095800,0.0,0.0,0.0,0.0,294.3987825736037,294.2626328188341,-0.13614975476957625
148,2021-08-20,299.7200012207031,305.8399963378906,298.05999755859375,304.3599853515625,303.8041687011719,40796100,MSFT,7.589996337890625,,,,94891900,0.0,0.0,0.0,0.0,295.1366494460451,295.8160716700231,0.6794222239780083
149,2021-08-23,303.25,305.3999938964844,301.8500061035156,304.6499938964844,304.0936584472656,22830200,MSFT,0.290008544921875,,,,72061700,70.89840013801995,6628509.954399003,0.0,0.0,295.84134162755913,297.1751366279402,1.3337950003810874
150,2021-08-24,305.0199890136719,305.6499938964844,302.0,302.6199951171875,302.0673522949219,18175800,MSFT,-2.029998779296875,,,,53885900,75.76132943816786,5881344.871155462,0.0,0.0,296.3434641082723,298.01280716474747,1.6693430564751566
151,2021-08-25,304.29998779296875,304.5899963378906,300.4200134277344,302.010009765625,301.45849609375,20006100,MSFT,-0.6099853515625,,,,73892000,27.880859621730057,8399849.069927786,0.0,0.0,296.7632082310392,298.6277614110363,1.8645531799971309
152,2021-08-26,300.989990234375,302.42999267578125,298.95001220703125,299.0899963378906,298.5438232421875,17666100,MSFT,-2.920013427734375,,,,56225900,-0.5102118158646423,6194454.190096171,0.0,0.0,296.93556290562077,298.69887447670624,1.7633115710854668
153,2021-08-27,298.989990234375,300.8699951171875,296.8299865722656,299.7200012207031,299.17266845703125,22597000,MSFT,0.6300048828125,,,,78822900,-27.250890957744385,4155963.6382713136,0.0,0.0,297.14181759562683,298.8559708988596,1.714153303232763
154,2021-08-30,301.1199951171875,304.2200012207031,301.05999755859375,303.5899963378906,303.03558349609375,16348100,MSFT,3.8699951171875,,,,62474800,5.72522913693499,3982454.1036568563,0.0,0.0,297.61946046542414,299.58428250486435,1.9648220394402074
155,2021-08-31,304.4200134277344,304.5,301.5,301.8800048828125,301.3287353515625,26285300,MSFT,-1.709991455078125,,,,88760100,7.979711356399701,3777685.671814601,0.0,0.0,297.93505634819365,299.9374705630102,2.002414214816554
156,2021-09-01,302.8699951171875,305.19000244140625,301.489990234375,301.8299865722656,301.27880859375,18983800,MSFT,-0.050018310546875,,,,69776300,12.988131872574094,4246902.1257500155,0.0,0.0,298.2235696981249,300.2286268721264,2.0050571740015357
157,2021-09-02,302.20001220703125,303.3599853515625,300.17999267578125,301.1499938964844,300.60003662109375,16285600,MSFT,-0.67999267578125,1.1378566196986608,0.5914284842354911,65.79924947656221,53490700,13.368155939441582,4209763.887123995,0.0,0.0,298.4403418609664,300.37037564510456,1.9300337841381747
158,2021-09-03,300.989990234375,302.6000061035156,300.260009765625,301.1400146484375,300.590087890625,14747900,MSFT,-0.009979248046875,1.1378566196986608,0.6160703386579242,64.87480075936703,38742800,-15.651007321842739,4354214.858391044,0.0,0.0,298.64031762300124,300.48878164561734,1.848464022616099
159,2021-09-07,301.010009765625,301.0899963378906,298.20001220703125,300.17999267578125,299.6318054199219,17180400,MSFT,-0.96002197265625,1.1378566196986608,0.6507132393973214,63.61823743769119,55923200,-29.861034413310552,4842580.592673015,0.5515717642647879,0.21132012588659388,298.75436762691083,300.4412756502579,1.6869080233470868
160,2021-09-08,299.7799987792969,300.6099853515625,297.4700012207031,300.2099914550781,299.6617431640625,15046800,MSFT,0.029998779296875,1.1378566196986608,0.5457142421177456,67.58590597553025,40876400,-34.90464568503588,4038933.5449637366,0.41171471732003345,0.2168302336650103,298.8621916141825,300.4056934663841,1.5435018522015866
161,2021-09-09,300.82000732421875,302.1400146484375,297.0,297.25,296.7071838378906,19927000,MSFT,-2.959991455078125,1.006070818219866,0.6503568376813617,60.737383527473405,60803400,-19.98376533143917,3297782.3792108134,0.20924998692103794,0.20464723912483104,298.742770013132,299.92020216386345,1.1774321507314767
162,2021-09-10,298.4200134277344,299.9200134277344,295.3800048828125,295.7099914550781,295.16998291015625,19619400,MSFT,-1.540008544921875,0.5192860194614956,0.8110711233956474,39.03357998636745,41184000,6.048839715673132,3395367.4839895214,-0.15982099260602678,0.13639423780117924,298.51811974957246,299.2724774394349,0.7543576898624451
163,2021-09-13,297.54998779296875,298.5400085449219,294.0799865722656,296.989990234375,296.4476318359375,23652900,MSFT,1.279998779296875,0.2378572736467634,0.820357186453683,22.47722769014004,64836900,3.5236232835032233,3646241.0832527243,-0.4181070600237165,0.0996446101015791,298.40492497066896,298.9213255617334,0.5164005910644391
164,2021-09-14,299.55999755859375,301.3900146484375,298.1000061035156,299.7900085449219,299.2425537109375,21853400,MSFT,2.800018310546875,0.3835721697126116,0.7582146780831474,33.594025929892695,42983500,6.545480532474029,3928033.1449212595,-0.42375041416713166,0.0999508574079417,298.507523753947,299.05496909760853,0.5474453436615363
165,2021-09-15,303.260009765625,305.32000732421875,301.82000732421875,304.82000732421875,304.26336669921875,28356300,MSFT,5.029998779296875,0.6632156372070312,0.6639295305524554,49.97310417267203,71339800,2.9768491749482244,4243207.029763376,-0.3247859409877232,0.10370890525105493,298.9751151295227,299.94189805554856,0.9667829260258713
166,2021-09-16,303.760009765625,305.30999755859375,300.760009765625,305.2200012207031,304.6626281738281,19550800,MSFT,0.399993896484375,0.8571439470563617,0.537858145577567,61.44391836989812,51789000,8.255318135258106,4735815.443965273,-0.14071437290736608,0.1466293024346045,299.437699284425,300.7539139271108,1.316214642685793
167,2021-09-17,304.1700134277344,304.5,299.5299987792969,299.8699951171875,299.3223876953125,41372500,MSFT,-5.350006103515625,0.8571439470563617,0.6328582763671875,57.52635355717246,93161500,10.002439892384865,4585840.976349558,0.028071703229631692,0.1688774573532433,299.46972119796294,300.6179264178918,1.1482052199288546
168,2021-09-20,296.3299865722656,298.7200012207031,289.5199890136719,294.29998779296875,293.7625427246094,38278700,MSFT,-5.57000732421875,0.6964296613420758,1.0228587559291296,40.50685471652422,54882800,23.62461894728028,5955268.242049779,-0.03178558349609375,0.16740262197059783,299.08677798277813,299.64593586021135,0.559157877433222
169,2021-09-21,295.69000244140625,297.5400085449219,294.07000732421875,294.79998779296875,294.2616271972656,22364100,MSFT,0.5,0.6192866734095982,1.203930446079799,33.96669912703722,32518700,16.465772568824093,6741020.282467138,-0.21567862374441962,0.1864019738644138,298.7692379687182,298.9004053883279,0.13116741960971012
170,2021-09-22,296.7300109863281,300.2200012207031,294.510009765625,298.5799865722656,298.03472900390625,26626300,MSFT,3.779998779296875,0.7721437726702008,1.1410729544503349,40.35840591004589,59145000,-26.906815601162776,7114848.2792818565,-0.25714318411690845,0.19229088737713743,298.75521934675874,298.8511101858568,0.09589083909804685
171,2021-09-23,298.8500061035156,300.8999938964844,297.5299987792969,299.55999755859375,299.012939453125,18604600,MSFT,0.980010986328125,0.9421441214425224,1.1150011335100447,45.798619187163126,40540400,-16.577841590347845,7580281.81779543,-0.221571786063058,0.19256612621650684,298.81483254763543,298.96016978166244,0.1453372340270107
172,2021-09-24,298.2300109863281,299.79998779296875,296.92999267578125,299.3500061035156,298.8033447265625,14999000,MSFT,-0.209991455078125,0.9696448189871651,1.0903592790876115,47.0700432049319,25541400,-36.44679482598442,6225695.528554755,-0.1511434282575335,0.19354899516915786,298.8544750332562,299.0201446004091,0.16566956715286096
173,2021-09-27,296.1400146484375,296.4700012207031,292.94000244140625,294.1700134277344,293.6328125,23571700,MSFT,-5.17999267578125,0.9696448189871651,1.248215811593192,43.71982646778999,49113100,-18.285152677348776,4338940.958156341,-0.09728611537388393,0.1936392077530727,298.5074778772916,298.27397057384377,-0.23350730344782278
174,2021-09-28,289.79998779296875,290.7799987792969,282.75,283.5199890136719,283.0022277832031,43186200,MSFT,-10.6500244140625,0.9696448189871651,1.7803584507533483,35.25976967578876,92299300,-0.14971410669259594,4849286.2970544435,-0.16678521292550222,0.20261463543976035,297.39729351702346,296.00412725689426,-1.3931662601291919
175,2021-09-29,285.1000061035156,286.7699890136719,283.010009765625,284.0,283.4813537597656,26353700,MSFT,0.480010986328125,0.9696448189871651,2.0389306204659596,32.229366971214105,65945600,27.026969473192583,8052457.262482055,-0.5050712585449219,0.2852598736893129,296.4049014046513,294.1573384481413,-2.2475629565100235
176,2021-09-30,285.7099914550781,287.8299865722656,281.6199951171875,281.9200134277344,281.4051818847656,32325800,MSFT,-2.079986572265625,0.9696448189871651,1.9353583199637276,33.378443072434706,98271400,42.434023649631456,6428766.901677179,-0.7709999084472656,0.3154078936271711,295.3319467396945,292.27467306038636,-3.057273679308139
177,2021-10-01,282.1199951171875,289.9800109863281,281.2900085449219,289.1000061035156,288.5720520019531,30086300,MSFT,7.17999267578125,1.1517878941127233,1.926072256905692,37.42170981133158,68185100,58.57636610513049,5833824.912316674,-1.1156065804617745,0.32195389645968175,294.8703215073849,291.78626275932936,-3.084058748055554
178,2021-10-04,287.3999938964844,287.75,280.25,283.1099853515625,282.5929870605469,31350700,MSFT,-5.990020751953125,1.048571995326451,1.926072256905692,35.25033269237534,99535800,15.922860420109044,6938963.278614945,-1.2699637276785714,0.29290534295943454,293.99918549584254,290.45145085044214,-3.5477346454003964
179,2021-10-05,284.04998779296875,290.3999938964844,284.04998779296875,288.760009765625,288.2326965332031,24993000,MSFT,5.6500244140625,0.7689285278320312,1.9382149832589286,28.40368545966588,74542800,6.032056432256533,5939874.305816581,-1.5138929094587052,0.2613108835217793,293.6110984047153,290.1912291450857,-3.4198692596295928
180,2021-10-06,285.7799987792969,293.6300048828125,285.510009765625,293.1099853515625,292.57470703125,28002600,MSFT,4.3499755859375,0.932143075125558,1.9382149832589286,32.47480126748343,102545400,6.662349933985752,5887608.367206501,-1.48699951171875,0.2672994411682684,293.57397891929656,290.64026856146677,-2.9337103578297956
181,2021-10-07,295.17999267578125,296.6400146484375,293.9200134277344,294.8500061035156,294.3115539550781,20430500,MSFT,1.740020751953125,1.1496429443359375,1.7614288330078125,39.49208512422686,82114900,5.3799266155444245,5772797.15363647,-1.1682496207101003,0.31348187214574985,293.66849945146095,291.28792049101276,-2.38057896044819
182,2021-10-08,296.2200012207031,296.6400146484375,293.760009765625,294.8500061035156,294.3115539550781,17680300,MSFT,0.0,1.2117865426199776,1.3714283534458704,46.91001683466168,64434600,11.141645859004539,5239329.259221387,-0.7527493068150112,0.3398188417837916,293.7560184627242,291.83593366216706,-1.920084800557163
183,2021-10-11,292.9200134277344,297.9700012207031,292.75,294.2300109863281,293.69268798828125,19298600,MSFT,-0.6199951171875,1.2117865426199776,1.2124993460518974,49.98529869279753,83733200,-22.60520592186425,4714588.65491289,-0.45307061331612725,0.3575529037133809,293.7911290200282,292.2042532504995,-1.5868757695287172
184,2021-10-12,295.3399963378906,295.44000244140625,292.3500061035156,292.8800048828125,292.34515380859375,17974100,MSFT,-1.350006103515625,1.058929443359375,1.2828565325055803,45.21888226648261,65759100,-7.12116520020472,4996578.933123476,-0.3101063319614955,0.36896384842142227,293.7236383431974,292.3082150400861,-1.4154233031113108
185,2021-10-13,294.9100036621094,297.2799987792969,293.489990234375,296.30999755859375,295.7688903808594,23416300,MSFT,3.42999267578125,0.9632143293108258,1.2828565325055803,42.88441409777565,89175400,-25.970524945012187,3888651.11901715,-0.1863565717424665,0.3720529002297837,293.91522050730083,292.9238738890873,-0.9913466182135267
186,2021-10-14,299.2099914550781,303.2699890136719,297.8299865722656,302.75,302.1971130371094,27262900,MSFT,6.44000244140625,1.2882134573800224,1.2828565325055803,50.104176955421586,116438300,5.574757075507451,4000499.457096993,0.1380000523158482,0.36342568616212334,294.56964861787117,294.4355855984585,-0.13406301941267884
187,2021-10-15,302.3399963378906,304.45001220703125,300.5199890136719,304.2099914550781,303.6544494628906,25374700,MSFT,1.459991455078125,1.5703560965401786,1.0903570992606026,59.020119080048254,91063600,39.50373455125831,4459711.726752452,0.6594641549246651,0.3422734241288702,295.28374808729393,295.93934034563074,0.6555922583368101
188,2021-10-18,303.57000732421875,308.2099914550781,302.69000244140625,307.2900085449219,306.7288513183594,22729300,MSFT,3.08001708984375,1.732499258858817,0.5249993460518974,76.74420064269934,68334300,23.58322018151933,5470597.100950985,1.2000354221888951,0.25840655828634235,296.1731007137849,297.68559699167554,1.5124962778906479
189,2021-10-19,308.3500061035156,309.29998779296875,307.2200012207031,308.2300109863281,307.6671447753906,17682100,MSFT,0.94000244140625,1.8760713849748885,0.16178458077566965,92.0610394701726,50652200,2.540447713034006,7480889.701134039,1.6522502354213167,0.16854345890424444,297.0662051784177,299.3078145293144,2.241609350896681
190,2021-10-20,309.2099914550781,309.70001220703125,306.1099853515625,307.4100036621094,306.8486328125,16537100,MSFT,-0.82000732421875,1.880356924874442,0.10464259556361608,94.7283314436004,34115100,-45.17063726668529,5526872.684849302,1.776821572440011,0.16467847573764693,297.832412473506,300.554305165129,2.7218926916229975
191,2021-10-21,307.1700134277344,311.0199890136719,306.3599853515625,310.760009765625,310.1925048828125,16918100,MSFT,3.350006103515625,1.7885709490094865,0.10464259556361608,94.47275264517444,51033200,-74.01168116525795,1120594.2568714833,1.806357247488839,0.16146114108197968,298.79001227292224,302.1244135652053,3.3344012922830757
192,2021-10-22,310.3999938964844,311.0899963378906,307.79998779296875,309.1600036621094,308.5954284667969,17449300,MSFT,-1.600006103515625,1.8085719517299108,0.10464259556361608,94.53053523392629,68482500,-41.2471748139582,4326730.112637024,1.776607731410435,0.15959101188804814,299.5581597832324,303.2068120416521,3.648652258419702
193,2021-10-25,309.3599853515625,309.3999938964844,306.4599914550781,308.1300048828125,307.56732177734375,17554500,MSFT,-1.029998779296875,1.8085719517299108,0.1864286150251116,90.6552099216519,86037000,0.24449454164311593,5257432.639910853,1.8090007237025667,0.15231360439883643,300.19311127209016,303.96422632490754,3.771115052817379
194,2021-10-26,311.0,312.3999938964844,308.6000061035156,310.1099853515625,309.5436706542969,28107300,MSFT,1.97998046875,1.4853570120675224,0.1864286150251116,88.84853344807578,114144300,37.94718427034585,3930952.9524870515,1.572857448032924,0.1550238510279432,300.9276945372363,304.9097277136237,3.9820331763874037
195,2021-10-27,316.0,326.1000061035156,316.0,323.1700134277344,322.5798645019531,52588700,MSFT,13.060028076171875,1.8050003051757812,0.1864286150251116,90.63844995249417,166733000,70.40396099925864,1262805.604253213,1.4582857404436382,0.16018193744965079,302.5752737143102,307.7190024388715,5.143728724561299
196,2021-10-28,324.3299865722656,324.8699951171875,321.3599853515625,324.3500061035156,323.7576904296875,26297900,MSFT,1.17999267578125,2.251428876604353,0.1864286150251116,92.35276813081873,140435100,100.0,4188433.5655230354,1.7182498386928013,0.20563394692727488,304.1882168542513,310.27761838727827,6.089401533026944
197,2021-10-29,324.1300048828125,332.0,323.8999938964844,331.6199951171875,331.014404296875,34744900,MSFT,7.269989013671875,2.5532139369419644,0.16428593226841517,93.954519220781,175180000,81.06549667330057,6537085.699004817,1.9500713893345423,0.21682049982317503,306.22020042928364,313.56106096111046,7.34086053182682
198,2021-11-01,331.3599853515625,331.489990234375,326.3699951171875,329.3699951171875,328.7685241699219,27073200,MSFT,-2.25,2.732499258858817,0.09392874581473214,96.67676849863435,148106800,73.83807343787333,6549265.887115387,2.2582855224609375,0.25193715739624506,307.93500003579504,315.99320467743,8.058204641634973
199,2021-11-02,330.30999755859375,333.45001220703125,330.0,333.1300048828125,332.52166748046875,26487100,MSFT,3.760009765625,2.7121429443359375,0.09392874581473214,96.65266050955067,121619700,27.565009055754427,7540173.435697617,2.361214120047433,0.25296948102414724,309.80129669112966,318.6296354782581,8.828338787128416
200,2021-11-03,333.8999938964844,334.8999938964844,330.6499938964844,334.0,333.3900451660156,21500100,MSFT,0.8699951171875,2.525000435965402,0.09392874581473214,96.41346751686936,100119600,-29.796608260840376,6143144.392754686,2.3940714154924665,0.25600549704736575,311.5937932325275,320.9943069431414,9.400513710613893
201,2021-11-04,332.8900146484375,336.5400085449219,329.510009765625,336.44000244140625,335.8255920410156,23992200,MSFT,2.44000244140625,2.361071995326451,0.09392874581473214,96.17398299557864,124111800,-48.43377677294636,6803964.064776259,2.402928379603795,0.25630914830709317,313.434253173926,323.37056778902826,9.936314615102276
202,2021-11-05,338.510009765625,338.7900085449219,334.4200134277344,336.05999755859375,335.4462890625,22564000,MSFT,-0.3800048828125,2.2725001743861606,0.09392874581473214,96.0307810214406,101547800,-54.18423497463017,5887460.875317985,2.5221783229282924,0.24843804717052145,315.11023423945693,325.3227877535768,10.212553514119861
203,2021-11-08,337.29998779296875,337.6499938964844,334.44000244140625,336.989990234375,336.3746032714844,20897000,MSFT,0.92999267578125,2.1485704694475447,0.09392874581473214,95.8114256997077,80650800,-32.70968095880552,4898610.010302243,2.5533207484654015,0.24440936601742946,316.7309569057472,327.11774198139193,10.386785075644752
204,2021-11-09,337.1099853515625,338.7200012207031,334.5299987792969,335.95001220703125,335.3365173339844,21307400,MSFT,-1.03997802734375,2.144284929547991,0.09785679408482142,95.63556607268029,101958200,-29.058396442088288,4546262.764571944,2.5819634573800223,0.2390532292242547,318.1545906317682,328.4765527853364,10.321962153568222
205,2021-11-10,334.57000732421875,334.6300048828125,329.9200134277344,330.79998779296875,330.1958923339844,25500900,MSFT,-5.1500244140625,2.0539278302873885,0.31892830984933035,86.55930696957657,127459100,-14.359199801921163,5130521.487555302,2.505392565046038,0.2556200851266142,319.0912867177831,328.83400432497217,9.742717607189093
206,2021-11-11,331.25,333.7699890136719,330.510009765625,332.42999267578125,331.8229064941406,16849800,MSFT,1.6300048828125,1.9914278302873885,0.44464329310825895,81.74752416553137,110609300,2.5644135198912585,6965775.938620669,2.177642277308873,0.32370023836788475,320.0793390109681,329.38723330201975,9.307894291051639
207,2021-11-12,333.9200134277344,337.2300109863281,333.7900085449219,336.7200012207031,336.1051025390625,23822000,MSFT,4.290008544921875,2.202856881277902,0.3507145472935268,86.26572402207168,134431300,23.435707752866332,4921997.958292276,1.9028209141322543,0.3605031242474926,321.31198065613364,330.51535144335566,9.203370787222013
208,2021-11-15,337.5400085449219,337.8800048828125,334.0299987792969,336.07000732421875,335.456298828125,16723000,MSFT,-0.649993896484375,2.2989294869559154,0.3507145472935268,86.7637107943493,117708300,41.94452926318859,3968126.9514763933,1.6121425083705356,0.35551591373144836,322.40516781673256,331.36991388656537,8.964746069832813
209,2021-11-16,335.67999267578125,340.6700134277344,335.510009765625,339.510009765625,338.8900146484375,20886800,MSFT,3.44000244140625,1.8614294869559151,0.3507145472935268,84.14594430273974,138595100,13.885875116490425,4173559.769373542,1.1773571559361047,0.3083708345448481,323.67219314628016,332.62223632949764,8.950043183217474
210,2021-11-17,338.94000244140625,342.19000244140625,338.0,339.1199951171875,339.1199951171875,19053400,MSFT,-0.3900146484375,1.4617854527064733,0.3507145472935268,80.6502318734606,119541700,10.60089929524647,3876967.001269592,0.7853570120675223,0.18992829152803706,324.81647477375475,333.6218915276038,8.805416753849045
211,2021-11-18,338.17999267578125,342.45001220703125,337.1199951171875,341.2699890136719,341.2699890136719,22463500,MSFT,2.149993896484375,1.2228567940848214,0.3507145472935268,77.71219276360719,142005200,7.950800797224009,4130855.130502642,0.6517500741141182,0.1702523487016671,326.0352536063412,334.7985219100758,8.763268303734606
212,2021-11-19,342.6400146484375,345.1000061035156,342.20001220703125,343.1099853515625,343.1099853515625,21942200,MSFT,1.839996337890625,1.1860711233956474,0.3507145472935268,77.17869485754326,120063000,6.129038545246649,3950618.7847137735,0.548642839704241,0.14357408078834985,327.30004855043165,336.07720859338144,8.777160042949788
213,2021-11-22,344.6199951171875,349.6700134277344,339.54998779296875,339.8299865722656,339.8299865722656,31031100,MSFT,-3.279998779296875,1.1321422031947546,0.40214320591517855,73.7895437493296,151094100,2.930577843034071,4248121.845502237,0.6388209751674107,0.15166897916182612,328.2281921076045,336.6545590516713,8.426366944066785
214,2021-11-23,337.04998779296875,339.45001220703125,333.55999755859375,337.67999267578125,337.67999267578125,30427600,MSFT,-2.149993896484375,0.9667848859514508,0.5960715157645089,61.86012258643571,120666500,9.210702032112737,4882717.256948225,0.541677747453962,0.14629800341454477,328.928325483025,336.8123180707652,7.883992587740181
215,2021-11-24,336.2799987792969,338.1600036621094,333.9100036621094,337.9100036621094,337.9100036621094,21661300,MSFT,0.230010986328125,0.8485706874302456,0.664642333984375,56.07741113917742,99005200,4.092414172454192,5382663.218503767,0.4608564104352678,0.15448053073945212,329.59363497777196,336.98119277712584,7.3875577993538855
216,2021-08-16,201.35000610351562,202.8699951171875,194.52999877929688,199.5,199.46482849121094,21087600,NVDA,,,,,21087600,0.0,0.0,0.0,0.0,199.5,199.5,0.0
217,2021-08-17,196.85000610351562,197.6999969482422,192.6699981689453,194.5800018310547,194.5457000732422,20458500,NVDA,-4.9199981689453125,,,,629100,0.0,0.0,0.0,0.0,199.13555569118924,198.74307720477762,-0.3924784864116191
218,2021-08-18,195.0,196.33999633789062,190.0,190.39999389648438,190.36642456054688,28591300,NVDA,-4.1800079345703125,,,,29220400,0.0,0.0,0.0,0.0,198.48847703972962,197.45952592657866,-1.0289511131509528
219,2021-08-19,194.94000244140625,204.9499969482422,187.6199951171875,197.97999572753906,197.94508361816406,76655500,NVDA,7.5800018310546875,,,,105875900,0.0,0.0,0.0,0.0,198.45081175734515,197.5395982036495,-0.91121355369566
220,2021-08-20,199.91000366210938,208.64999389648438,199.3300018310547,208.16000366210938,208.12330627441406,67503900,NVDA,10.180007934570312,,,,38372000,0.0,0.0,0.0,0.0,199.17001115769807,199.17350673572025,0.003495578022182144
221,2021-08-23,209.7100067138672,219.97000122070312,209.5,219.5800018310547,219.54129028320312,57580700,NVDA,11.419998168945312,,,,-19208700,44.85539118969019,12119892.678573245,0.0,0.0,200.68186231868745,202.31296751961787,1.6311052009304206
222,2021-08-24,217.52999877929688,219.58999633789062,215.35000610351562,217.92999267578125,217.89157104492188,29729900,NVDA,-1.6500091552734375,,,,-48938600,-9.792655187790942,17334017.56501937,0.0,0.0,201.9595016043981,204.71558677441226,2.7560851700141598
223,2021-08-25,217.3699951171875,224.6999969482422,217.22000122070312,222.1300048828125,222.09083557128906,34770100,NVDA,4.20001220703125,,,,-14168500,-90.27907976503273,14332555.191758376,0.0,0.0,203.4536129583547,207.39472802185844,3.94111506350373
224,2021-08-26,222.0,223.39999389648438,217.89999389648438,220.67999267578125,220.64108276367188,23794000,NVDA,-1.45001220703125,,,,-37962500,-105.03569102639372,11776629.382795965,0.0,0.0,204.72964108557147,209.4386148916927,4.708973806121236
225,2021-08-27,221.83999633789062,227.22000122070312,221.6699981689453,226.36000061035156,226.32008361816406,30426700,NVDA,5.6800079345703125,,,,-7535800,-47.36200806536992,8863998.82157784,0.0,0.0,206.3318899392589,212.04190500225562,5.7100150629967175
226,2021-08-30,228.3000030517578,230.42999267578125,225.50999450683594,226.8800048828125,226.83999633789062,26258000,NVDA,0.5200042724609375,,,,-33793800,11.01109068568477,5993214.752442966,0.0,0.0,207.85397252767027,214.3246895992644,6.470717071594123
227,2021-08-31,226.9499969482422,226.9499969482422,221.1999969482422,223.85000610351562,223.85000610351562,25985000,NVDA,-3.029998779296875,,,,-59778800,11.845346371385581,5898761.205210802,0.0,0.0,209.0388639036588,215.79012290761074,6.75125900395193
228,2021-09-01,224.85000610351562,226.97000122070312,223.57000732421875,224.41000366210938,224.41000366210938,20176700,NVDA,0.55999755859375,,,,-79955500,-27.92783515076852,5656694.724504172,0.0,0.0,210.1774668487292,217.11625840830283,6.938791559573616
229,2021-09-02,225.17999267578125,225.92999267578125,222.9499969482422,223.9600067138672,223.9600067138672,18783400,NVDA,-0.4499969482421875,2.441786084856306,0.5028572082519531,82.92298393395028,-98738900,-43.70474458057831,6207524.177770071,0.0,0.0,211.1983957276283,218.16914276300503,6.970747035376718
230,2021-09-03,223.25,229.86000061035156,222.0,228.42999267578125,228.42999267578125,28053200,NVDA,4.4699859619140625,2.585357121058873,0.5028572082519531,83.71689414561547,-70685700,-73.32874563286205,1037892.3253562092,0.0,0.0,212.4748103163804,219.7477350572783,7.272924740897906
231,2021-09-07,228.3300018310547,228.99000549316406,225.22000122070312,226.6199951171875,226.6199951171875,19810700,NVDA,-1.80999755859375,2.680356706891741,0.5028572082519531,84.20284587662549,-90496400,-36.17029672476684,5943671.142907668,2.588535962785993,0.3826841021949668,213.52260178310684,220.80500583572586,7.282404052619029
232,2021-09-08,225.1300048828125,226.10000610351562,219.77000427246094,223.38999938964844,223.38999938964844,25443400,NVDA,-3.2299957275390625,2.680356706891741,0.35785675048828125,88.22147437932567,-65053000,-16.735610501021807,4777828.031703667,2.436785834176199,0.4036065724938692,214.25352012433214,221.20269715171395,6.949177027381808
233,2021-09-09,223.1199951171875,225.3800048828125,221.30999755859375,221.77000427246094,221.77000427246094,19685600,NVDA,-1.6199951171875,2.5589283534458707,0.5310707092285156,82.81324044257556,-84738600,12.20633102665037,4552913.134228824,1.9668573107038225,0.4280477167981055,214.81029672789725,221.2899751702904,6.479678442393151
234,2021-09-10,223.47999572753906,226.25999450683594,222.6999969482422,224.77999877929688,224.77999877929688,24814900,NVDA,3.0099945068359375,1.9742851257324219,0.5310707092285156,78.8025835764445,-59923700,10.790175262990731,4697365.584307158,1.2341072627476282,0.35761816256080936,215.54879317614908,221.8269018793683,6.278108703219232
235,2021-09-13,226.83999633789062,229.63999938964844,218.5800018310547,221.52000427246094,221.52000427246094,29750000,NVDA,-3.2599945068359375,1.2028563363211495,0.539999280657087,69.01640759012855,-30173700,8.75249837184756,4479708.441494825,0.6811428070068359,0.23950564761193874,215.9911051092092,221.77968686292104,5.7885817537118385
236,2021-09-14,222.75,224.10000610351562,220.86000061035156,222.4199981689453,222.4199981689453,19975500,NVDA,0.899993896484375,0.8539281572614398,0.6242850167410714,57.76759213620627,-50149200,40.35081471785642,4797893.713769963,0.2418215615408761,0.1683902654922564,216.46731940993038,221.87819629461706,5.410876884686672
237,2021-09-15,223.08999633789062,223.6699981689453,219.66000366210938,223.41000366210938,223.41000366210938,16653800,NVDA,0.9900054931640625,0.8303565979003906,0.6242850167410714,57.08324232873372,-66803000,27.068234826100486,5454246.130331242,0.10357153756277901,0.16733629328498373,216.9815923174992,222.11385896653897,5.132266649039764
238,2021-09-16,221.8300018310547,222.77000427246094,219.27000427246094,222.4199981689453,222.4199981689453,15603300,NVDA,-0.9900054931640625,0.7321423121861049,0.6242850167410714,53.9757859910689,-82406300,14.643971986153486,6887407.998860432,-0.06721431187220982,0.13740456207638363,217.3844371953841,222.1609573053707,4.776520109986592
239,2021-09-17,223.0,223.2100067138672,218.3000030517578,219.0,219.0,29450300,NVDA,-3.4199981689453125,0.581071036202567,0.781785147530692,42.636269559334174,-52956000,-26.17700182545564,5313421.655653414,-0.1623214176722935,0.1300687124023716,217.50410851424454,221.67465618146753,4.170547667222991
240,2021-09-20,211.4600067138672,214.3300018310547,206.6199951171875,211.1300048828125,211.1300048828125,34944000,NVDA,-7.8699951171875,0.35964202880859375,1.1849991934640067,23.283208011207904,-18012000,-24.966618864752665,5530621.213097735,-0.38539308820452006,0.10659793469396973,217.031952689694,220.0524021355206,3.0204494458265856
241,2021-09-21,214.1699981689453,214.25,209.5,212.4600067138672,212.4600067138672,20468800,NVDA,1.3300018310546875,0.35964202880859375,1.328927721296038,21.29861847793427,-38480800,25.062768083720723,7464522.30015201,-0.636928721836635,0.17570847249702343,216.69329002481794,218.88434130142008,2.1910512766021384
242,2021-09-22,213.66000366210938,219.60000610351562,211.9600067138672,219.41000366210938,219.41000366210938,26872600,NVDA,6.9499969482421875,0.6553562709263393,1.240713391985212,34.56393421326054,-11608200,38.8314196526822,5822776.853126007,-0.7859642028808593,0.1913191169532717,216.8945280720247,218.9652124338338,2.0706843618091
243,2021-09-23,221.39999389648438,225.35000610351562,218.89999389648438,224.82000732421875,224.82000732421875,24855500,NVDA,5.410003662109375,1.0928562709263392,1.240713391985212,46.831953992871284,-36463700,50.07054792542901,5227490.017194358,-0.7963211604527064,0.18924601784906533,217.48160060922427,219.86595010927766,2.384349500053389
244,2021-09-24,220.6999969482422,221.49000549316406,218.61000061035156,220.80999755859375,220.80999755859375,21765500,NVDA,-4.010009765625,0.9992850167410714,1.240713391985212,44.61096993855852,-58229200,12.636516170842116,5645632.478344063,-0.6395709446498326,0.23191978125940857,217.7281485313998,220.01118817840322,2.28303964700342
245,2021-09-27,217.10000610351562,217.99000549316406,213.25,216.60000610351562,216.60000610351562,24521500,NVDA,-4.209991455078125,0.9042854309082031,1.5342848641531808,37.08260667078454,-33707700,-25.157698193472633,4982962.64230762,-0.5973923274448939,0.23756562394565725,217.6445824256306,219.4863909361128,1.8418085104821955
246,2021-09-28,212.13999938964844,214.19000244140625,206.50999450683594,206.99000549316406,206.99000549316406,34306900,NVDA,-9.610000610351562,0.9042854309082031,1.8478562491280692,32.85751738247302,599200,-11.894271149138763,5665129.9613336325,-0.5214995792933872,0.2318643983674436,216.85535450470715,217.5638700987361,0.7085155940289383
247,2021-09-29,209.39999389648438,210.1699981689453,204.6699981689453,205.1699981689453,205.1699981689453,21839400,NVDA,-1.82000732421875,0.9042854309082031,2.0828568594796315,30.27259310070548,-21240200,8.71688755000754,8227447.9352226835,-0.6953211103166852,0.2692344276573239,215.98977255390997,215.65712057107598,-0.332651982833994
248,2021-09-30,207.67999267578125,210.66000366210938,206.8800048828125,207.16000366210938,207.16000366210938,22080400,NVDA,1.9900054931640625,0.8607139587402344,2.0828568594796315,29.240470567674464,840200,28.641174451320648,5967316.302638343,-0.93682131086077,0.2954598900191684,215.3357155989618,214.34987181585035,-0.9858437831114486
249,2021-10-01,207.5,208.58999633789062,202.02999877929688,207.4199981689453,207.4199981689453,24097800,NVDA,0.2599945068359375,0.9410711015973773,2.0739282880510603,31.21297817931267,24938000,41.90088000436313,5086572.403308539,-1.1097855159214562,0.29323129077962784,214.7493661597013,213.28373740863418,-1.465628751067129
250,2021-10-04,205.0399932861328,205.4199981689453,195.5500030517578,197.32000732421875,197.32000732421875,34563500,NVDA,-10.099990844726562,0.9410711015973773,2.341070992606027,28.67246677891869,59501500,37.706534746216754,4710565.277416289,-1.1380714416503905,0.29347905774728816,213.45830254225814,210.82777893410872,-2.630523608149417
251,2021-10-05,199.5,206.47999572753906,198.5399932861328,204.50999450683594,204.50999450683594,27928200,NVDA,7.1899871826171875,0.8735711233956474,2.4449996948242188,26.323714973912914,31573300,52.608669149799645,6027368.806391945,-1.4499998365129743,0.31851643514528205,212.79546491000465,209.8558120991437,-2.939652810860963
252,2021-10-06,201.1999969482422,207.1999969482422,200.8000030517578,207.0,207.0,29720200,NVDA,2.4900054931640625,1.219285147530692,2.4449996948242188,33.274846252047894,61293500,52.7066791144134,6010079.297211199,-1.470035879952567,0.3172266202825148,212.3661712129673,209.41645639158313,-2.9497148213841626
253,2021-10-07,210.9199981689453,213.22000122070312,209.72000122070312,210.75,210.75,25691900,NVDA,3.75,1.4421424865722656,2.287499564034598,38.66704812429948,35601600,40.917764667006736,5606175.105539129,-1.3355716160365512,0.3271404713206993,212.24645482682158,209.6216169467242,-2.624837880097374
254,2021-10-08,211.00999450683594,212.05999755859375,207.75,208.30999755859375,208.30999755859375,15102500,NVDA,-2.44000244140625,1.4889281136648995,1.8842855181012834,44.13975147151622,20499100,7.4170604710253025,5955860.325774383,-1.0770360674176898,0.3522166230514622,211.95486539954544,209.41982934855028,-2.53503605099516
255,2021-10-11,205.75,210.6300048828125,205.11000061035156,206.9499969482422,206.9499969482422,16338800,NVDA,-1.3600006103515625,1.4889281136648995,1.786428724016462,45.45850078182376,36837900,-23.73300866529998,4975824.5324602565,-0.9355362483433315,0.36117642268062694,211.58413440315263,209.03985513311827,-2.544279270034366
256,2021-10-12,208.27999877929688,210.57000732421875,205.27999877929688,206.7100067138672,206.7100067138672,16213400,NVDA,-0.239990234375,1.193213871547154,1.8435712541852678,39.29200855985393,20624500,-9.709627433807182,5170933.983927211,-1.014714867728097,0.3492343366585764,211.22308790765,208.68141691477194,-2.5416709928780676
257,2021-10-13,209.17999267578125,209.89999389648438,207.1300048828125,209.38999938964844,209.38999938964844,18065200,NVDA,2.67999267578125,0.83892822265625,1.8435712541852678,31.274124371648995,38689700,-25.69808439443958,3959741.9750913065,-1.0469645908900669,0.3446041520226204,211.08730357298322,208.79042960321448,-2.2968739697687397
258,2021-10-14,212.8800048828125,217.5500030517578,211.22000122070312,217.4600067138672,217.4600067138672,24358900,NVDA,8.07000732421875,1.1728570120675224,1.8435712541852678,38.88231075106997,63048600,2.021668062225901,3300640.0808328073,-0.793107441493443,0.35860181745911945,211.55935565749314,210.12421069716106,-1.4351449603320816
259,2021-10-15,218.10000610351562,219.30999755859375,216.6199951171875,218.6199951171875,218.6199951171875,22679500,NVDA,1.1599884033203125,1.502499716622489,1.549999782017299,49.221948022989416,40369100,27.89540042925477,3916567.5424960237,-0.1471428462437221,0.3557440933955733,212.0823659878409,211.4312544540882,-0.6511115337526974
260,2021-10-18,217.49000549316406,222.91000366210938,216.44000244140625,222.22000122070312,222.22000122070312,18949400,NVDA,3.600006103515625,1.672499520438058,1.0564286368233817,61.28778128466602,21419700,15.87617058546116,4738394.86495515,0.4395354679652622,0.316513398755411,212.83330193101585,213.09106164895204,0.2577597179361817
261,2021-10-19,222.75999450683594,223.7899932861328,220.3699951171875,222.89999389648438,222.89999389648438,16147300,NVDA,0.67999267578125,1.8253566196986608,0.6482140677315849,73.79439888152118,5272400,1.0490113986711709,6330942.835218147,1.0037499019077845,0.26469305705426244,213.57898281734685,214.6001281485724,1.02114533122554
262,2021-10-20,223.0500030517578,224.3300018310547,219.82000732421875,221.02999877929688,221.02999877929688,14627600,NVDA,-1.8699951171875,1.8192852565220423,0.6907141549246651,72.481501319295,-9355200,-34.797066438244094,4875782.020814712,1.290321295601981,0.25739960168236914,214.13090992563946,215.5893390148377,1.4584290891982334
263,2021-10-21,220.97000122070312,227.11000061035156,220.8300018310547,226.9199981689453,226.9199981689453,18759000,NVDA,5.8899993896484375,1.8824996948242188,0.6907141549246651,73.15753002837013,9403800,-57.71657635633921,931330.8323576605,1.4213212149483816,0.2454361012818167,215.07824979551398,217.33251734623886,2.254267550724876
264,2021-10-22,228.22999572753906,231.3000030517578,225.61000061035156,227.25999450683594,227.25999450683594,24938400,NVDA,0.339996337890625,2.104999542236328,0.3392857142857143,86.11922592175343,34342200,-29.741613009820245,4211259.439118737,1.6997855595179965,0.22320204848405845,215.98060125561193,218.85982152479227,2.879220269180337
265,2021-10-25,229.72999572753906,233.5500030517578,227.6999969482422,231.66000366210938,231.66000366210938,23023500,NVDA,4.4000091552734375,2.274285452706473,0.23535701206752233,90.62189075252529,11318700,9.616975133380173,5790385.94566315,1.9236068180629184,0.1816036454045283,217.14203847090803,220.82908031514876,3.6870418442407242
266,2021-10-26,239.88999938964844,252.58999633789062,239.24000549316406,247.1699981689453,247.1699981689453,48589800,NVDA,15.509994506835938,2.639642987932478,0.23535701206752233,91.81366914547749,59908500,17.898448202295132,4761532.870298527,1.8980000087193079,0.17745045198730378,219.36633178187378,224.88152921573285,5.515197433859072
267,2021-10-27,244.74000549316406,250.89999389648438,242.82000732421875,244.50999450683594,244.50999450683594,24599000,NVDA,-2.660003662109375,2.875713893345424,0.23535701206752233,92.4348554172126,35309500,45.05644796488966,5382201.893063843,2.3429284232003345,0.28463148827282564,221.22882531705616,227.9012931066718,6.672467789615638
268,2021-10-28,248.77999877929688,249.5,245.22999572753906,249.41000366210938,249.41000366210938,23420400,NVDA,4.9000091552734375,2.908928462437221,0.23535701206752233,92.51476960422643,11889100,24.82417557739258,6099211.582609127,2.6401426042829237,0.2853639635629975,223.31632000928232,231.21032549981607,7.894005490533743
269,2021-10-29,250.00999450683594,257.0899963378906,250.0,255.6699981689453,255.6699981689453,29213700,NVDA,6.2599945068359375,3.30750002179827,0.09964261736188616,97.07547854860437,41102800,-6.710041289304241,7241734.993135278,3.033035605294364,0.25644077555796974,225.71288876184994,234.9733520642975,9.260463302447562
270,2021-11-01,256.489990234375,258.94000244140625,252.27000427246094,258.2699890136719,258.2699890136719,26574000,NVDA,2.5999908447265625,3.6239280700683594,0.042500087193080356,98.8408313112884,14528800,3.705065398793082,7508840.738542801,3.3746426718575613,0.2516302128398724,228.12452581754044,238.55745005650897,10.432924238968525
271,2021-11-02,258.2200012207031,266.7799987792969,258.0,264.010009765625,264.010009765625,29411200,NVDA,5.740020751953125,3.8346426827566966,0.042500087193080356,98.90382970876178,43940000,-27.258672518390902,5350904.434862702,3.573249489920479,0.2484153193130285,230.78270981369485,242.47322847329605,11.690518659601196
272,2021-11-03,266.70001220703125,267.8399963378906,262.3500061035156,265.9800109863281,265.9800109863281,23991000,NVDA,1.970001220703125,3.726072038922991,0.042500087193080356,98.87224960088845,19949000,6.384507046772088,5389678.959774259,3.725214276994978,0.2563251787019555,233.38991730796397,246.08965655222408,12.699739244260115
273,2021-11-04,272.2900085449219,313.6499938964844,271.17999267578125,298.010009765625,298.010009765625,115363100,NVDA,32.029998779296875,4.610715048653739,0.042500087193080356,99.08665114437383,135312100,6.081750897488956,5418869.689557039,3.7983574458530973,0.25656392070859035,238.17659082334626,254.07740320043962,15.90081237709336
274,2021-11-05,301.8699951171875,314.0,294.1000061035156,297.5199890136719,297.5199890136719,85072800,NVDA,-0.490020751953125,5.567143031529018,0.042500087193080356,99.24237449168135,50239300,62.18701777012092,13896387.742009312,4.700715037754604,0.4705025067218072,242.57239809670372,260.7608779409369,18.18847984423317
275,2021-11-08,301.489990234375,311.0,299.07000732421875,308.0400085449219,308.0400085449219,50310100,NVDA,10.52001953125,5.772500174386161,0.042500087193080356,99.26913008974589,-70800,52.22699171968188,15041073.599592771,5.336286054338727,0.49496103222590954,247.42185072249765,268.03459034155,20.61273961905232
276,2021-11-09,322.82000732421875,323.1000061035156,299.6400146484375,306.57000732421875,306.57000732421875,64674600,NVDA,-1.470001220703125,6.0957151140485495,-0.0,100.0,64603800,-18.521252602637766,18611567.284656603,6.05592918395996,0.4977743720470525,251.8031956559585,273.96311603119136,22.159920375232872
277,2021-11-10,293.55999755859375,308.5,287.7799987792969,294.5899963378906,294.5899963378906,63620600,NVDA,-11.980010986328125,5.95214353288923,0.48035757882254465,92.53233586002887,983200,-14.78115385479126,18805219.079268925,6.45175061907087,0.45455879710122515,254.9725882990646,277.136482232222,22.163893933157425
278,2021-11-11,304.67999267578125,305.8999938964844,297.7699890136719,303.8999938964844,303.8999938964844,33217200,NVDA,9.30999755859375,5.729643685477121,0.5757152012416294,90.86943008978785,-32234000,-81.58192253523386,14064705.404876659,6.195821871076312,0.5123727921558641,258.59684056554016,281.25394556518546,22.6571049996453
279,2021-11-12,300.1000061035156,306.79998779296875,296.29998779296875,303.8999938964844,303.8999938964844,41215100,NVDA,0.0,5.892857687813895,0.5757152012416294,91.0998111775828,8981100,-52.57973134682695,11039918.57440383,6.078214481898716,0.5298208413055672,261.9526297011657,284.73795300076995,22.785323299604272
280,2021-11-15,305.5199890136719,306.44000244140625,292.4700012207031,300.25,300.25,38490900,NVDA,-3.649993896484375,5.181786128452846,0.7060721261160714,88.00799721073165,-29509800,-25.25930132209186,11996071.581358068,5.695392717633928,0.5714015642890271,264.78947194552376,287.12442176988225,22.33494982435849
281,2021-11-16,297.5899963378906,303.8999938964844,297.05999755859375,302.0299987792969,302.0299987792969,26448400,NVDA,1.779998779296875,4.7228578839983255,0.772857666015625,85.93708755516535,-55958200,-57.82084227614107,9804734.016421184,5.0733213697160995,0.6357524722306577,267.54802948876625,289.41758746363837,21.869557974872123
282,2021-11-17,304.17999267578125,305.0899963378906,288.0,292.6099853515625,292.6099853515625,42850800,NVDA,-9.420013427734375,4.642857687813895,1.04571533203125,81.61726449879136,-13107400,-35.661703608884096,7224265.136967219,4.69392841884068,0.6897518168109554,269.4044706637882,289.90872560024206,20.50425493645389
283,2021-11-18,323.6700134277344,327.6000061035156,313.2099914550781,316.75,316.75,78171100,NVDA,24.1400146484375,4.770000457763672,1.04571533203125,82.01914657063864,65063700,-8.561386961306114,8667951.626059067,3.807106454031808,0.7862407665152892,272.911546910915,294.03815243097404,21.12660552005906
284,2021-11-19,322.42999267578125,330.8800048828125,319.04998779296875,329.8500061035156,329.8500061035156,53126300,NVDA,13.100006103515625,5.783573150634766,1.04571533203125,84.68778504985598,11937400,41.24682790990141,14960597.970103556,3.4919994354248054,0.7599103096308376,277.1292105548113,299.54766838059584,22.418457825784515
285,2021-11-22,335.1700134277344,346.4700012207031,319.0,319.55999755859375,319.55999755859375,75433500,NVDA,-10.290008544921875,5.586072649274554,1.04571533203125,84.23177376932144,87370900,65.4200633295156,11970050.305969201,3.4427495683942517,0.7525060295659292,280.27223181435073,302.62648825413396,22.354256439783228
286,2021-11-23,315.3500061035156,323.6000061035156,308.79998779296875,317.4599914550781,317.4599914550781,53216300,NVDA,-2.100006103515625,5.3107147216796875,1.4882158551897322,78.11103028095657,34154600,100.0,11225041.689852798,2.9456063406808033,0.7057305038081467,283.02688067662683,304.90856566966386,21.881684993037027
287,2021-11-24,314.6099853515625,328.54998779296875,309.2799987792969,326.739990234375,326.739990234375,43516200,NVDA,9.279998779296875,4.352857317243304,1.4882158551897322,74.5215337788718,-9361600,37.48157701401655,13047084.60935239,2.341070665631975,0.6422546916666184,286.26488879201554,308.2672463719271,22.002357579911575
