,Date,Open,High,Low,Close,Adj Close,Volume,Name,Change,ChangeAverage+,ChangeAverage-,RSI,OBV,OBV_Regression,OBV_Regression_err,Close_Regression,Close_Regression_err
0,2020-10-19,446.239990234375,447.0,428.8699951171875,430.8299865722656,430.8299865722656,36287800,TSLA,,,,,36287800,0.0,0.0,0.0,0.0
1,2020-10-20,431.75,431.75,419.04998779296875,421.94000244140625,421.94000244140625,31656300,TSLA,-8.889984130859375,,,,4631500,0.0,0.0,0.0,0.0
2,2020-10-21,422.70001220703125,432.95001220703125,421.25,422.6400146484375,422.6400146484375,32370500,TSLA,0.70001220703125,,,,37002000,0.0,0.0,0.0,0.0
3,2020-10-22,441.9200134277344,445.2300109863281,424.510009765625,425.7900085449219,425.7900085449219,39993200,TSLA,3.149993896484375,,,,76995200,0.0,0.0,0.0,0.0
4,2020-10-23,421.8399963378906,422.8900146484375,407.3800048828125,420.6300048828125,420.6300048828125,33717000,TSLA,-5.160003662109375,,,,43278200,0.0,0.0,0.0,0.0
5,2020-10-26,411.6300048828125,425.760009765625,410.0,420.2799987792969,420.2799987792969,28239200,TSLA,-0.350006103515625,,,,15039000,8634450.0,7972664.869680233,-1.6549957275390625,1.1437214588703681
6,2020-10-27,423.760009765625,430.5,420.1000061035156,424.67999267578125,424.67999267578125,22686500,TSLA,4.399993896484375,,,,-7647500,2709120.0,10136847.173265133,-0.533001708984375,0.7403618671567785
7,2020-10-28,416.4800109863281,418.6000061035156,406.0,406.0199890136719,406.0199890136719,25451400,TSLA,-18.660003662109375,,,,17803900,-15125520.0,7624994.110826139,-0.14300537109375,0.8823230382619032
8,2020-10-29,409.9599914550781,418.05999755859375,406.4599914550781,410.8299865722656,410.8299865722656,22655300,TSLA,4.80999755859375,,,,-4851400,-16930830.0,6593263.357809497,-3.549005126953125,2.0333565254131365
9,2020-10-30,406.8999938964844,407.5899963378906,379.1099853515625,388.0400085449219,388.0400085449219,42511300,TSLA,-22.78997802734375,,,,37659900,-9349430.0,5210559.886240633,-3.386004638671875,2.0460229635283653
10,2020-11-02,394.0,406.9800109863281,392.29998779296875,400.510009765625,400.510009765625,29021100,TSLA,12.470001220703125,,,,8638800,4803790.0,6163830.831950208,-7.832998657226563,2.622898959966372
11,2020-11-03,409.7300109863281,427.7699890136719,406.69000244140625,423.8999938964844,423.8999938964844,34351700,TSLA,23.389984130859375,,,,42990500,5242860.0,6012298.357910504,-6.63199462890625,3.082951912844922
12,2020-11-04,430.6199951171875,435.3999938964844,417.1000061035156,420.9800109863281,420.9800109863281,32143100,TSLA,-2.91998291015625,,,,10847400,6386340.0,6279778.475753211,2.5440032958984378,4.588473624455465
13,2020-11-05,428.29998779296875,440.0,424.0,438.0899963378906,438.0899963378906,28414500,TSLA,17.1099853515625,2.800713675362723,2.5757130214146207,52.09247392959871,-17567100,3672820.0,7145003.515483157,5.61600341796875,4.338878684496939
14,2020-11-06,436.1000061035156,436.57000732421875,424.2799987792969,429.95001220703125,429.95001220703125,21706000,TSLA,-8.139984130859375,3.1210708618164062,2.5757130214146207,54.7865414203889,-39273100,-10824540.0,6408582.746868973,12.056997680664063,2.0719180032043805
15,2020-11-09,439.5,452.5,421.0,421.260009765625,421.260009765625,34833000,TSLA,-8.69000244140625,3.1210708618164062,3.176783970424107,49.55768186079417,-4440100,-15638140.0,6927214.869445488,7.3070007324218755,2.8999143783680177
16,2020-11-10,420.0899963378906,420.0899963378906,396.0299987792969,410.3599853515625,410.3599853515625,30284200,TSLA,-10.9000244140625,3.1210708618164062,3.583928789411272,46.5484119935031,-34724300,-14498170.0,7579568.708044454,0.3690032958984375,2.6393956223399617
17,2020-11-11,416.45001220703125,418.70001220703125,410.5799865722656,417.1300048828125,417.1300048828125,17357700,TSLA,6.77001953125,2.9835706438337053,3.731428963797433,44.431434373325665,-52082000,-7801640.0,6151236.629101501,-3.8070037841796878,3.1176584157811096
18,2020-11-12,415.04998779296875,423.0,409.5199890136719,411.760009765625,411.760009765625,19855100,TSLA,-5.3699951171875,3.033571515764509,3.659642900739397,45.32308883283986,-32226900,-6448100.0,5736716.402577349,-6.1510009765625,1.7727199619489524
19,2020-11-13,410.8500061035156,412.5299987792969,401.6600036621094,408.5,408.5,19771100,TSLA,-3.260009765625,3.033571515764509,3.771071297781808,44.5809074610858,-51998000,-3354950.0,6080407.475663124,-4.0510009765625,1.7063238820474327
20,2020-11-16,408.92999267578125,412.45001220703125,404.0899963378906,408.0899963378906,408.0899963378906,26838600,TSLA,-0.410003662109375,2.8889290945870534,3.9021432059151784,42.54010216285583,-25159400,-9261840.0,4706517.054454032,-2.4119995117187503,1.3247452922000886
21,2020-11-17,460.1700134277344,462.0,433.010009765625,441.6099853515625,441.6099853515625,61188300,TSLA,33.519989013671875,4.071428571428571,3.392857142857143,54.54545454545455,36028900,1921380.0,4315108.780954041,-1.316998291015625,1.0923423000741772
22,2020-11-18,448.3500061035156,496.0,443.5,486.6400146484375,486.6400146484375,78044000,TSLA,45.030029296875,6.876786368233817,2.8982140677315846,70.35075254760999,114072900,18328930.0,7915326.571445637,4.528994750976563,4.392312950700014
23,2020-11-19,492.0,508.6099853515625,487.57000732421875,499.2699890136719,499.2699890136719,62475300,TSLA,12.629974365234375,8.936072213309151,2.2560719081333707,79.84236189550968,51597600,38062650.0,11353167.596336273,18.28699951171875,6.4936456014916235
24,2020-11-20,497.989990234375,502.5,489.05999755859375,489.6099853515625,489.6099853515625,32911900,TSLA,-9.660003662109375,9.042142595563616,1.8875013078962053,82.73044094969362,18685700,34642350.0,13174143.615070391,26.008999633789063,4.271979125994269
25,2020-11-23,503.5,526.0,501.7900085449219,521.8499755859375,521.8499755859375,50260300,TSLA,32.239990234375,8.567856924874443,1.8875013078962053,81.94704317275199,68946000,10325890.0,17574902.97480188,22.069998168945315,6.227244422339582
26,2020-11-24,540.4000244140625,559.989990234375,526.2000122070312,555.3800048828125,555.3800048828125,53648500,TSLA,33.530029296875,10.185714721679688,1.8875013078962053,84.3662094401991,122594500,-2955300.0,13223579.582861315,16.3449951171875,5.024977006178072
27,2020-11-25,550.0599975585938,574.0,545.3699951171875,574.0,574.0,48930200,TSLA,18.6199951171875,11.541429792131696,1.8875013078962053,85.94451565923751,73664300,3439160.0,15736488.957913494,16.005996704101562,4.874798258932987
28,2020-11-27,581.1599731445312,598.780029296875,578.4500122070312,585.760009765625,585.760009765625,37561100,TSLA,11.760009765625,12.306072780064174,1.8875013078962053,86.70171941049529,36103200,14804220.0,10830138.202540785,21.523004150390626,4.3600257226601995
29,2020-11-30,602.2100219726562,607.7999877929688,554.510009765625,567.5999755859375,567.5999755859375,63003100,TSLA,-18.1600341796875,12.306072780064174,1.515002659388951,89.03846038590976,99106300,3955330.0,14406419.76509431,24.44500732421875,2.8166436018818883
30,2020-12-01,597.5900268554688,597.8499755859375,572.0499877929688,584.760009765625,584.760009765625,40103500,TSLA,17.1600341796875,12.306072780064174,0.8510731288364956,93.53147609117298,59002800,-2617070.0,11832269.869475594,12.18800048828125,5.490656710687635
31,2020-12-02,556.4400024414062,571.5399780273438,541.2100219726562,568.8200073242188,568.8200073242188,47775700,TSLA,-15.94000244140625,12.349645342145648,0.7035729544503349,94.60996561565348,106778500,-10174140.0,10853576.135805808,5.23599853515625,3.4944401740814848
32,2020-12-03,590.02001953125,598.969970703125,582.4299926757812,593.3800048828125,593.3800048828125,42552000,TSLA,24.55999755859375,12.607501438685826,0.7035729544503349,94.71437891735373,64226500,8912800.0,9250654.904578378,-1.13599853515625,3.0823509375330045
33,2020-12-04,591.010009765625,599.0399780273438,585.5,599.0399780273438,599.0399780273438,29401300,TSLA,5.65997314453125,13.686786106654576,0.3953584943498884,97.19248377607423,34825200,6391880.0,10080054.528734786,1.6460021972656251,4.0269883890294995
34,2020-12-07,604.9199829101562,648.7899780273438,603.0499877929688,641.760009765625,641.760009765625,56309700,TSLA,42.72003173828125,15.41464342389788,0.26428658621651785,98.31438378737562,91134900,-12333850.0,8228555.263931007,7.15,3.1344269089522236
35,2020-12-08,625.510009765625,651.280029296875,618.5,649.8800048828125,649.8800048828125,64265000,TSLA,8.1199951171875,16.04785919189453,0.26428658621651785,98.37981716316465,155399900,-768910.0,10292140.906903999,14.4219970703125,5.4258337965138
36,2020-12-09,653.6900024414062,654.3200073242188,588.0,604.47998046875,604.47998046875,71291200,TSLA,-45.4000244140625,13.242501395089286,1.5957162039620536,89.24590373938125,226691100,12415120.0,14973325.33364583,21.05,2.935797678397822
37,2020-12-10,574.3699951171875,627.75,566.3400268554688,627.0700073242188,627.0700073242188,67083200,TSLA,22.59002685546875,11.183215550013951,2.4103589739118303,82.26839475025936,159607900,44550390.0,11304407.41576341,7.303997802734376,8.554492239820465
38,2020-12-11,615.010009765625,624.0,596.7999877929688,609.989990234375,609.989990234375,46475000,TSLA,-17.08001708984375,11.273931230817523,2.4103589739118303,82.38594082812713,113132900,38512160.0,14770982.025381163,1.8780029296875,8.0878260188565
39,2020-12-14,619.0,642.75,610.2000122070312,639.8300170898438,639.8300170898438,52040600,TSLA,29.84002685546875,10.9232177734375,2.4103589739118303,81.92263771691267,165173500,4820400.0,18789768.917039223,-8.635003662109375,5.1366453283584095
40,2020-12-15,643.280029296875,646.9000244140625,623.7999877929688,633.25,633.25,45071500,TSLA,-6.58001708984375,9.405003138950892,2.4103589739118303,79.59978754025822,120102000,-9401100.0,13818415.766133733,-1.45899658203125,6.977347549127346
41,2020-12-16,628.22998046875,632.5,605.0,622.77001953125,622.77001953125,42095800,TSLA,-10.47998046875,7.542502267020089,3.0196446010044644,71.4106929326459,78006200,-20761260.0,11410412.261690345,7.0300048828125,3.754507713568221
42,2020-12-17,628.1900024414062,658.8200073242188,619.5,655.9000244140625,655.9000244140625,56270100,TSLA,33.1300048828125,7.266431535993304,3.0196446010044644,70.64337692248681,134276300,-15623430.0,9521270.571044251,1.46600341796875,4.035445679239637
43,2020-12-18,668.9000244140625,695.0,628.5399780273438,695.0,695.0,222126200,TSLA,39.0999755859375,9.846073695591517,2.791072300502232,77.91374491230079,356402500,-4488050.0,11300176.329307137,7.4760070800781255,4.633945509888743
44,2020-12-21,666.239990234375,668.5,646.0700073242188,649.8599853515625,649.8599853515625,58045300,TSLA,-45.1400146484375,9.846073695591517,2.971073695591518,76.81954022284762,298357200,39663230.0,32281668.812837105,13.298999023437501,6.866651308799055
45,2020-12-22,648.0,649.8800048828125,614.22998046875,640.3400268554688,640.3400268554688,51716000,TSLA,-9.51995849609375,9.802501133510045,4.923215593610491,66.56722599760904,246641200,63490670.0,25415190.400626555,10.5449951171875,8.08434959009987
46,2020-12-23,632.2000122070312,651.5,622.5700073242188,645.97998046875,645.97998046875,33173000,TSLA,5.63995361328125,9.494644165039062,5.061787196568081,65.2264550917429,213468200,50135090.0,30437541.91535348,2.90999755859375,9.611555996517652
47,2020-12-24,642.989990234375,666.0900268554688,641.0,661.77001953125,661.77001953125,22865600,TSLA,15.7900390625,9.180716378348214,5.061787196568081,64.45998998741463,190602600,4862250.0,30638308.62912366,-7.4500061035156255,6.681551934174638
48,2020-12-28,674.510009765625,681.4000244140625,660.7999877929688,663.6900024414062,663.6900024414062,32278600,TSLA,1.91998291015625,8.085359845842634,5.061787196568081,61.49896870979295,222881200,-41648880.0,4366928.443074529,-7.03399658203125,6.85399351515932
49,2020-12-29,661.0,669.9000244140625,655.0,665.989990234375,665.989990234375,22910800,TSLA,2.29998779296875,6.420357840401786,5.061787196568081,55.91601412218457,199970400,-20699060.0,9027539.937790362,4.909002685546875,2.3619462809863454
50,2020-12-30,672.0,696.5999755859375,668.3599853515625,694.780029296875,694.780029296875,42846000,TSLA,28.7900390625,7.5307159423828125,3.7303575788225447,66.87387244388351,242816400,-8392860.0,6276765.691160802,6.9009948730468755,1.4216522448712736
51,2020-12-31,699.989990234375,718.719970703125,691.1199951171875,705.6699829101562,705.6699829101562,49649900,TSLA,10.88995361328125,8.947858537946429,2.915714808872768,75.422963017677,292466300,6806420.0,6299535.060378133,10.1820068359375,2.6746384213449215
52,2021-01-04,719.4600219726562,744.489990234375,717.1900024414062,729.77001953125,729.77001953125,48638200,TSLA,24.10003662109375,10.000714983258929,2.915714808872768,77.42631008880694,243828100,22366260.0,7229783.567097059,11.888995361328126,2.8601972111148317
53,2021-01-05,723.6599731445312,740.8400268554688,719.2000122070312,735.1099853515625,735.1099853515625,32245200,TSLA,5.3399658203125,10.596429007393974,2.915714808872768,78.42152327180938,211582900,13438970.0,9770520.174652934,17.184002685546876,2.207913485847115
54,2021-01-06,758.489990234375,774.0,749.0999755859375,755.97998046875,755.97998046875,44700000,TSLA,20.8699951171875,10.701784406389509,2.915714808872768,78.58847088748219,256282900,2423670.0,13049937.38730701,17.322998046875,2.144695112757844
55,2021-01-07,777.6300048828125,816.989990234375,775.2000122070312,816.0399780273438,816.0399780273438,51498900,TSLA,60.05999755859375,13.592141287667411,2.306429181780134,85.49285178681679,307781800,-5395040.0,10190745.382538674,15.183990478515625,1.4532879716099252
56,2021-01-08,856.0,884.489990234375,838.3900146484375,880.02001953125,880.02001953125,75055500,TSLA,63.98004150390625,17.213213239397323,2.306429181780134,88.18406028136141,382837300,4308580.0,13835417.006600609,24.694995117187503,5.4273533987035725
57,2021-01-11,849.4000244140625,854.4299926757812,803.6199951171875,811.1900024414062,811.1900024414062,59301600,TSLA,-68.83001708984375,14.633571079799108,2.479642595563616,85.5103626787909,323535700,37421730.0,11393297.271101987,38.142999267578126,7.77146257996089
58,2021-01-12,831.0,868.0,827.3400268554688,849.4400024414062,849.4400024414062,46270700,TSLA,38.25,14.633571079799108,3.3560703822544644,81.34442874065286,277265000,35046000.0,12725825.889332287,27.62000732421875,13.297841312971974
59,2021-01-13,852.760009765625,860.469970703125,832.0,854.4099731445312,854.4099731445312,33312500,TSLA,4.969970703125,16.177141462053573,1.403928484235491,92.0145446862759,243952500,5771810.0,17432079.136093702,18.207006835937502,13.309045229269376
60,2021-01-14,843.3900146484375,863.0,838.75,845.0,845.0,31266300,TSLA,-9.40997314453125,16.177141462053573,1.4239283970424108,91.90998951517402,212686200,-23323090.0,13471947.576762365,4.615997314453125,10.107332889187898
61,2021-01-15,852.0,859.9000244140625,819.0999755859375,826.1599731445312,826.1599731445312,38777600,TSLA,-18.84002685546875,15.41178458077567,2.432856968470982,86.36645649756025,251463800,-41988540.0,3435598.7909727367,-2.6820068359375,8.870337474167513
62,2021-01-19,837.7999877929688,850.0,833.0,844.5499877929688,844.5499877929688,25367000,TSLA,18.3900146484375,14.779283796037946,2.4489288330078125,85.78535750784117,226096800,-20872260.0,9186011.589179132,2.5499938964843754,6.429645704477916
63,2021-01-20,858.739990234375,859.5,837.280029296875,850.4500122070312,850.4500122070312,25665900,TSLA,5.9000244140625,15.496071951729911,2.4489288330078125,86.35314167781685,251762700,-9482510.0,7187020.334072158,-3.8030029296875,3.2293609698299486
64,2021-01-21,855.0,855.719970703125,841.4199829101562,844.989990234375,844.989990234375,20521100,TSLA,-5.46002197265625,14.40142822265625,2.4489288330078125,85.46660569317353,231241600,2903100.0,6058194.818480722,-0.8369934082031251,3.9262734482319526
65,2021-01-22,834.3099975585938,848.0,828.6199951171875,846.6400146484375,846.6400146484375,20066500,TSLA,1.6500244140625,12.984285627092634,2.5850001743861606,83.39679669737559,211175100,3740970.0,5781530.181878035,2.427001953125,3.096146898257064
66,2021-01-25,855.0,900.4000244140625,838.8200073242188,880.7999877929688,880.7999877929688,41173400,TSLA,34.15997314453125,13.013571602957589,2.5850001743861606,83.42796884686095,252348500,-7543260.0,4625761.156335968,4.1400085449218755,2.4921735450922946
67,2021-01-26,891.3800048828125,895.9000244140625,871.5999755859375,883.0900268554688,883.0900268554688,23131600,TSLA,2.2900390625,13.263929094587054,2.5850001743861606,83.6897488119484,229216900,1191580.0,6397004.312874374,6.869000244140626,4.0097444599752485
68,2021-01-27,870.3499755859375,891.5,858.6599731445312,864.1599731445312,864.1599731445312,27334000,TSLA,-18.9300537109375,12.327859061104911,3.179286411830357,79.4979261826157,256550900,-2398470.0,6163107.200384668,10.109002685546876,3.793560738157646
69,2021-01-28,820.0,848.0,801.0,835.4299926757812,835.4299926757812,26378000,TSLA,-28.72998046875,9.437502179827009,4.881430489676339,65.90925732842592,230172900,6866040.0,5486527.586199976,7.4789978027343755,5.00023101805788
70,2021-01-29,830.0,842.4099731445312,780.0999755859375,793.530029296875,793.530029296875,34990800,TSLA,-41.89996337890625,5.007500784737723,7.403928484235491,40.345883429040306,265163700,4219800.0,6344891.98172304,-3.906005859375,7.2851835929146125
71,2021-02-01,814.2899780273438,842.0,795.5599975585938,839.8099975585938,839.8099975585938,25391400,TSLA,46.27996826171875,5.163929530552456,7.230715070452009,41.66258651848694,239772300,2658640.0,5709564.229115914,-22.2199951171875,4.823991403996285
72,2021-02-02,844.6799926757812,880.5,842.2000122070312,872.7899780273438,872.7899780273438,24346200,TSLA,32.97998046875,7.994641985212054,6.138571602957589,56.5663423632404,215426100,2972360.0,5611079.8590408005,-15.719000244140625,8.363882810155982
73,2021-02-03,877.02001953125,878.0800170898438,853.0599975585938,854.6900024414062,854.6900024414062,18343500,TSLA,-18.0999755859375,6.982500348772321,6.138571602957589,53.21592911356402,197082600,-7265020.0,5971591.746606037,2.16400146484375,11.23371943455836
74,2021-02-04,855.0,856.5,833.4199829101562,849.989990234375,849.989990234375,15812700,TSLA,-4.70001220703125,6.982500348772321,6.794285365513393,50.683087431140635,181269900,-11591820.0,6539952.212577704,11.777996826171876,8.32933267316878
75,2021-02-05,845.0,864.77001953125,838.969970703125,852.22998046875,852.22998046875,18566600,TSLA,2.239990234375,6.982500348772321,5.8732147216796875,54.3143676606611,199836500,-21047730.0,1244350.4704463286,12.779992675781251,7.944850903464807
76,2021-02-08,869.6699829101562,877.77001953125,854.75,863.4199829101562,863.4199829101562,20161700,TSLA,11.19000244140625,7.4621429443359375,5.857142857142857,56.02509815884754,219998200,-11402780.0,4676100.214509237,0.203997802734375,4.372811884440715
77,2021-02-09,855.1199951171875,859.7999877929688,841.75,849.4600219726562,849.4600219726562,15157700,TSLA,-13.9599609375,6.594641549246652,5.9560699462890625,52.54396574721971,204840500,1189810.0,5615532.921373833,-2.120001220703125,3.2126742804966297
78,2021-02-10,843.6400146484375,844.8200073242188,800.02001953125,804.8200073242188,804.8200073242188,36216100,TSLA,-44.6400146484375,6.578927176339286,8.048926217215401,44.97534258333548,241056600,5424410.0,4027560.93506976,0.297003173828125,2.0667671909572634
79,2021-02-11,812.4400024414062,829.8800048828125,801.72998046875,811.6599731445312,811.6599731445312,21622800,TSLA,6.8399658203125,6.578927176339286,9.262856619698661,41.52895444757101,219433800,12457740.0,3941494.6642781748,-9.310992431640626,6.268133381380279
80,2021-02-12,801.260009765625,817.3300170898438,785.3300170898438,816.1199951171875,816.1199951171875,23768300,TSLA,4.46002197265625,5.703569684709821,9.262856619698661,38.10909544270958,243202100,6025300.0,4736468.0095615545,-13.9739990234375,5.189208949246164
81,2021-02-16,818.0,821.0,792.4400024414062,796.219970703125,796.219970703125,19802300,TSLA,-19.9000244140625,4.401783534458706,9.814285278320312,30.963437166974614,223399800,6100110.0,4750191.50172215,-13.24000244140625,5.481995083461861
82,2021-02-17,779.0900268554688,799.8400268554688,762.010009765625,798.1500244140625,798.1500244140625,25996500,TSLA,1.9300537109375,4.401783534458706,9.861783708844866,30.860327289621353,249396300,3926410.0,5370598.392019894,-9.518011474609375,4.9938227555538965
83,2021-02-18,780.9000244140625,794.6900024414062,776.27001953125,787.3800048828125,787.3800048828125,17957100,TSLA,-10.77001953125,4.401783534458706,8.475352696010045,34.182938315458614,231439200,2064540.0,4636863.465864255,-2.8779968261718754,2.635957743772469
84,2021-02-19,795.0,796.7899780273438,777.3699951171875,781.2999877929688,781.2999877929688,18958300,TSLA,-6.08001708984375,4.401783534458706,6.5546417236328125,40.17536222599528,250397500,3020500.0,4319061.382723489,-6.65299072265625,1.932162947317494
85,2021-02-22,762.6400146484375,768.5,710.2000122070312,714.5,714.5,37269700,TSLA,-66.79998779296875,4.245354788643973,9.157499040876116,31.675006253470315,287667200,2243020.0,4099824.8833496943,-7.847998046875,1.6716394268574202
86,2021-02-23,662.1300048828125,713.6099853515625,619.0,698.8400268554688,698.8400268554688,66606900,TSLA,-15.65997314453125,1.414642333984375,12.10249764578683,10.465544753560494,354274100,12953600.0,5104242.754349888,-18.028997802734377,7.274767003930599
87,2021-02-24,711.8499755859375,745.0,694.1699829101562,742.02001953125,742.02001953125,36767000,TSLA,43.17999267578125,1.8660714285714286,12.10249764578683,13.359073636231841,317507100,26598360.0,9179365.37428015,-27.150000000000002,5.830095464543255
88,2021-02-25,726.1500244140625,737.2100219726562,670.5800170898438,682.219970703125,682.219970703125,39023900,TSLA,-59.800048828125,1.8660714285714286,11.881785801478795,13.573543842836457,356531000,27601240.0,8674663.006272925,-17.3179931640625,10.302611569612516
89,2021-02-26,700.0,706.7000122070312,659.510009765625,675.5,675.5,41089200,TSLA,-6.719970703125,1.8660714285714286,14.169642857142858,11.636971046770611,397620200,24210690.0,8789544.41524512,-17.064001464843752,10.270998756901012
90,2021-03-01,690.1099853515625,719.0,685.0499877929688,718.4299926757812,718.4299926757812,27136200,TSLA,42.92999267578125,2.6796439034598216,14.169642857142858,15.903604357458107,370484000,22216290.0,8304895.36042247,-9.462005615234375,8.091444347496537
91,2021-03-02,718.280029296875,721.1099853515625,685.0,686.4400024414062,686.4400024414062,23732200,TSLA,-31.989990234375,3.0703582763671875,14.070715767996651,17.912286408778186,346751800,11253290.0,8379988.763371544,-2.7340087890625,9.815728065877586
92,2021-03-03,687.989990234375,700.7000122070312,651.7100219726562,653.2000122070312,653.2000122070312,30208000,TSLA,-33.239990234375,3.0703582763671875,14.307501656668526,17.668218573510103,376959800,7244240.0,9948083.038039707,-7.495001220703125,9.380118728905739
93,2021-03-04,655.7999877929688,668.4500122070312,600.0,621.4400024414062,621.4400024414062,65919500,TSLA,-31.760009765625,3.0703582763671875,15.278928484235491,16.73284807428854,442879300,-1001080.0,7124776.15697036,-4.709991455078125,8.144631581276993
94,2021-03-05,626.0599975585938,627.8400268554688,539.489990234375,597.9500122070312,597.9500122070312,89396500,TSLA,-23.489990234375,2.6667872837611606,17.252142769949778,13.38820547373895,532275800,9699400.0,11955450.77277585,-17.334997558593752,8.710643643362133
95,2021-03-08,600.5499877929688,620.1300048828125,558.7899780273438,563.0,563.0,51787000,TSLA,-34.95001220703125,2.6667872837611606,18.787857055664062,12.429883439552768,480488800,41971110.0,12903866.145450361,-30.595996093750003,1.0597501658722526
96,2021-03-09,608.1799926757812,678.0900268554688,595.2100219726562,673.5800170898438,673.5800170898438,67523300,TSLA,110.58001708984375,5.36785888671875,18.146072387695312,22.828419561469133,548012100,42279000.0,12742805.411682315,-30.213000488281253,0.974198481647917
97,2021-03-10,700.2999877929688,717.8499755859375,655.0599975585938,668.0599975585938,668.0599975585938,60605700,TSLA,-5.52001953125,9.120001656668526,17.830359322684153,33.83999814939614,487406400,37971410.0,12728503.32418152,-1.767999267578125,15.981508538832141
98,2021-03-11,699.4000244140625,702.5,677.1799926757812,699.5999755859375,699.5999755859375,36253900,TSLA,31.53997802734375,10.049285888671875,17.228572300502233,36.840450665075245,451152500,10479050.0,14183168.474360727,16.886999511718752,14.083869234803911
99,2021-03-12,670.0,694.8800048828125,666.1400146484375,693.72998046875,693.72998046875,33583800,TSLA,-5.8699951171875,10.966070992606026,14.625714983258929,42.84996366782641,417568700,-15532900.0,11342331.98410274,30.835992431640626,11.037505846574518
100,2021-03-15,694.0900268554688,713.1799926757812,684.0399780273438,707.9400024414062,707.9400024414062,29335600,TSLA,14.21002197265625,11.263929094587054,11.680716378348214,49.09175479688107,388233100,-22269980.0,12115841.165317414,28.747991943359377,11.688962688636803
101,2021-03-16,703.3499755859375,707.9199829101562,671.0,676.8800048828125,676.8800048828125,32195700,TSLA,-31.05999755859375,10.281071254185267,12.282501220703125,45.56490895059879,420428800,-38939570.0,3424840.4590725075,9.438995361328125,3.0435477575260648
102,2021-03-17,656.8699951171875,703.72998046875,651.010009765625,701.8099975585938,701.8099975585938,40372500,TSLA,24.92999267578125,10.281071254185267,11.90785653250558,46.33424090168053,460801300,-19687460.0,7775678.678597774,2.5980041503906253,5.805298778632978
103,2021-03-18,684.2899780273438,689.22998046875,652.0,653.1599731445312,653.1599731445312,33224800,TSLA,-48.6500244140625,10.281071254185267,10.379285539899554,49.7623122226466,427576500,2215770.0,10503569.734585475,-1.2429931640625,4.260501204553923
104,2021-03-19,646.5999755859375,657.22998046875,624.6199951171875,654.8699951171875,654.8699951171875,42894000,TSLA,1.71002197265625,8.987856183733259,12.055714198521205,42.710699850214105,470470500,9258380.0,7826287.724338618,-8.727001953125,6.294522354987235
105,2021-03-22,684.5900268554688,699.6199951171875,668.75,670.0,670.0,39512200,TSLA,15.1300048828125,9.198571341378349,12.055714198521205,43.278666432284226,430958300,17162250.0,6884249.9901514305,-12.986004638671876,5.555453609910084
106,2021-03-23,675.77001953125,677.7999877929688,657.510009765625,662.1599731445312,662.1599731445312,30491900,TSLA,-7.84002685546875,9.458927699497767,9.726072038922991,49.303767675090896,400466400,3072820.0,7884368.717836577,-6.0700012207031255,6.309340204988572
107,2021-03-24,667.9099731445312,668.02001953125,630.1099853515625,630.27001953125,630.27001953125,33795200,TSLA,-31.88995361328125,9.458927699497767,8.823571341378349,51.73760807179283,434261600,-11728800.0,7671541.070389095,-6.246002197265625,6.279383961884943
108,2021-03-25,613.0,645.5,609.5,640.3900146484375,640.3900146484375,39224900,TSLA,10.1199951171875,9.458927699497767,7.627855573381696,55.358153424414276,473486500,-5663390.0,8517799.512806501,-3.848992919921875,4.963096794004304
109,2021-03-26,641.8699951171875,643.8200073242188,599.8900146484375,618.7100219726562,618.7100219726562,33852800,TSLA,-21.67999267578125,9.458927699497767,5.953569684709821,61.371804086661875,439633700,933530.0,11105660.30653288,-6.868994140625,4.357169243604847
110,2021-03-29,615.6400146484375,616.47998046875,596.02001953125,611.2899780273438,611.2899780273438,28637000,TSLA,-7.4200439453125,6.757856096540179,6.992856706891741,49.14549662366262,410996700,9037090.0,7942594.276471216,-12.434991455078126,3.1630873543415308
111,2021-03-30,601.75,637.6599731445312,591.010009765625,635.6199951171875,635.6199951171875,39432400,TSLA,24.33001708984375,3.6096409388950894,6.992856706891741,34.04519443896761,450429100,2643270.0,10246769.927183557,-11.329998779296876,3.1794049376514186
112,2021-03-31,646.6199951171875,672.0,641.1099853515625,667.9299926757812,667.9299926757812,33337300,TSLA,32.30999755859375,4.703214372907366,6.992856706891741,40.21191681222366,417091800,-3015480.0,8160720.29162459,-1.840008544921875,4.2647170772186875
113,2021-04-01,688.3699951171875,692.4199829101562,659.4199829101562,661.75,661.75,35298400,TSLA,-6.17999267578125,4.719643729073661,6.992856706891741,40.29578273979073,452390200,-10199400.0,7169286.671889562,7.198992919921875,6.8868712924960835
114,2021-04-05,707.7100219726562,708.1599731445312,684.7000122070312,691.0499877929688,691.0499877929688,41842800,TSLA,29.29998779296875,5.247499738420759,6.992856706891741,42.87048144280401,494233000,3160810.0,6720432.906837177,14.271997070312501,4.1172115686003865
115,2021-04-06,690.2999877929688,696.5499877929688,681.3699951171875,691.6199951171875,691.6199951171875,28271800,TSLA,0.57000732421875,6.3142852783203125,6.391071864536831,49.69781807251405,465961200,16843370.0,7316819.471790093,18.56500244140625,3.371805784836715
116,2021-04-07,687.0,691.3800048828125,667.8400268554688,670.969970703125,670.969970703125,26309400,TSLA,-20.6500244140625,6.3142852783203125,6.889286586216518,47.82255395056929,439651800,10820540.0,8058242.835746926,13.51199951171875,3.358039255179347
117,2021-04-08,677.3800048828125,689.5499877929688,671.6500244140625,683.7999877929688,683.7999877929688,23924300,TSLA,12.83001708984375,6.3142852783203125,6.321428571428571,49.97173371764667,415727500,5869100.0,9979793.678662233,3.5949951171875,4.591770847111033
118,2021-04-09,677.77001953125,680.969970703125,669.4299926757812,677.02001953125,677.02001953125,21437100,TSLA,-6.77996826171875,6.530358450753348,4.644999912806919,58.4353381637141,394290400,-12790660.0,7742032.493852416,2.401995849609375,4.57654627230653
119,2021-04-12,685.7000122070312,704.7999877929688,682.0900268554688,701.97998046875,701.97998046875,29135700,TSLA,24.9599609375,6.578214372907366,4.644999912806919,58.61257038708234,423426100,-25011890.0,783996.337725287,-3.5879943847656253,2.5260839624313216
120,2021-04-13,712.7000122070312,763.0,710.6599731445312,762.3200073242188,762.3200073242188,44652800,TSLA,60.34002685546875,9.364286150251116,4.644999912806919,66.84342162834685,468078900,-13043160.0,6280315.864253962,2.677001953125,4.17297697248256
121,2021-04-14,770.7000122070312,780.7899780273438,728.030029296875,732.22998046875,732.22998046875,49017400,TSLA,-30.09002685546875,10.444643293108259,3.226072038922991,76.40158572123784,517096300,6455280.0,9368337.161716588,20.088006591796876,7.030003254145316
122,2021-04-15,743.0999755859375,743.6900024414062,721.3099975585938,738.8499755859375,738.8499755859375,27848900,TSLA,6.6199951171875,10.444643293108259,3.2867889404296875,76.06375733769444,489247400,27652610.0,8102420.890637154,18.215997314453126,7.617886086643393
123,2021-04-16,728.6500244140625,749.4099731445312,724.5999755859375,739.780029296875,739.780029296875,27979500,TSLA,0.9300537109375,10.714287894112724,2.873931884765625,78.84982778073041,517226900,28358420.0,7706511.533121413,15.3909912109375,8.303210069741983
124,2021-04-19,719.5999755859375,725.4000244140625,691.7999877929688,714.6300048828125,714.6300048828125,39686200,TSLA,-25.1500244140625,10.714287894112724,2.699643816266741,79.87432861181331,556913100,20877010.0,7716347.456335802,5.2130065917968755,7.326411115026992
125,2021-04-20,717.4199829101562,737.25,710.6900024414062,718.989990234375,718.989990234375,35609000,TSLA,4.3599853515625,10.110360281808036,3.442145211356027,74.60141069050104,521304100,17779900.0,6657857.205407758,-8.78299560546875,3.6625773075679184
126,2021-04-21,704.77001953125,744.8400268554688,698.0,744.1199951171875,744.1199951171875,31215500,TSLA,25.1300048828125,9.140716552734375,3.442145211356027,72.64417843976167,490088600,7608130.0,7630303.457799041,-5.0699951171875,3.018047330884811
127,2021-04-22,741.5,753.77001953125,718.0399780273438,719.6900024414062,719.6900024414062,35590300,TSLA,-24.42999267578125,8.23250252859933,3.442145211356027,70.51606791033518,525678900,575960.0,10135508.535723964,-1.0250000000000001,4.872305239520436
128,2021-04-23,719.7999877929688,737.3599853515625,715.4600219726562,729.4000244140625,729.4000244140625,28370000,TSLA,9.71002197265625,7.406788417271206,3.967858450753348,65.11664496673336,497308900,-4992050.0,8214953.520385858,-1.0690063476562501,4.880682658725744
129,2021-04-26,741.0,749.2999877929688,732.6099853515625,738.2000122070312,738.2000122070312,31038500,TSLA,8.79998779296875,7.001074654715402,3.967858450753348,63.826395761543075,528347400,-11483360.0,7005401.615210936,3.024005126953125,3.9356136993827704
130,2021-04-27,717.9600219726562,724.0,703.3499755859375,704.739990234375,704.739990234375,29437000,TSLA,-33.46002197265625,7.001074654715402,4.131430489676339,62.88858225448345,498910400,2130690.0,6298061.213598463,2.3700073242187503,3.822256953821367
131,2021-04-28,696.4099731445312,708.5,693.5999755859375,694.4000244140625,694.4000244140625,22271000,TSLA,-10.3399658203125,7.001074654715402,5.416429792131696,56.38068973265421,476639400,2031210.0,6332504.535413562,-6.025,4.509131332751532
132,2021-04-29,699.510009765625,702.25,668.5,677.0,677.0,28845400,TSLA,-17.4000244140625,6.785001482282366,6.407143729073661,51.43213157206395,505484800,-9647750.0,5602905.276357377,-7.523999023437501,4.8476432361525434
133,2021-04-30,667.5900268554688,715.469970703125,666.1400146484375,709.4400024414062,709.4400024414062,40758700,TSLA,32.44000244140625,6.672858101981027,6.407143729073661,51.01572758299048,546243500,-3535620.0,6464893.093016569,-14.860003662109376,3.2434246137819054
134,2021-05-03,703.7999877929688,706.0,680.5,684.9000244140625,684.9000244140625,27043100,TSLA,-24.53997802734375,3.908573695591518,6.407143729073661,37.88949943748949,519200400,4236660.0,9523115.983339347,-8.5260009765625,6.560378361803699
135,2021-05-04,678.9400024414062,683.4500122070312,657.7000122070312,673.5999755859375,673.5999755859375,29739300,TSLA,-11.300048828125,2.828216552734375,7.687144688197544,26.89604748646491,548939700,11018410.0,6923392.141233949,-2.4639953613281254,4.707978410620445
136,2021-05-05,681.0599975585938,685.2999877929688,667.3400268554688,670.9400024414062,670.9400024414062,21901900,TSLA,-2.65997314453125,2.828216552734375,7.347501482282366,27.79377870929501,527037800,15831620.0,6079634.148773538,-3.3700073242187503,4.915783974043632
137,2021-05-06,680.760009765625,681.02001953125,650.0,663.5399780273438,663.5399780273438,27784600,TSLA,-7.4000244140625,2.5585719517299106,7.706787109375,24.924329840777332,554822400,4580220.0,6157017.8826225065,-4.796002197265625,4.974322632256371
138,2021-05-07,665.7999877929688,690.0,660.219970703125,672.3699951171875,672.3699951171875,23469200,TSLA,8.83001708984375,2.609643118722098,6.841788155691964,27.611089188011704,531353200,2499520.0,5397367.4110872485,-10.576007080078126,2.3452764838809226
139,2021-05-10,664.9000244140625,665.0499877929688,627.6099853515625,629.0399780273438,629.0399780273438,31392400,TSLA,-43.33001708984375,2.609643118722098,7.331429617745536,26.251121864835923,562745600,3018830.0,5210115.734322351,-3.5120056152343753,1.938528072012329
140,2021-05-11,599.239990234375,627.0999755859375,595.5999755859375,617.2000122070312,617.2000122070312,46503900,TSLA,-11.8399658203125,1.556429181780134,9.301786150251116,14.334116005129658,609249500,3192720.0,5272084.388449538,-8.769000244140626,4.6251081770344475
141,2021-05-12,602.489990234375,620.4099731445312,586.77001953125,589.8900146484375,589.8900146484375,33823600,TSLA,-27.30999755859375,1.5314287458147322,10.699999128069196,12.520441289480019,575425900,17234660.0,6715435.311886588,-14.197998046875,4.544784725148788
142,2021-05-13,601.5399780273438,606.4600219726562,559.6500244140625,571.6900024414062,571.6900024414062,44184900,TSLA,-18.20001220703125,1.5314287458147322,11.799643380301339,11.487663792731311,619610800,11910330.0,7903903.5482876,-20.246990966796876,4.070873405512147
143,2021-05-14,583.4099731445312,592.8699951171875,570.4600219726562,589.739990234375,589.739990234375,33370900,TSLA,18.04998779296875,0.8703569684709821,11.805001395089286,6.866527505629563,586239900,18919550.0,7140684.4216200095,-24.050994873046875,2.643569937571463
144,2021-05-17,575.5499877929688,589.72998046875,561.2000122070312,576.8300170898438,576.8300170898438,32390400,TSLA,-12.90997314453125,1.0539289202008928,10.924285888671875,8.798714474716235,553849500,5734990.0,7928105.87276053,-12.410998535156251,4.4965792218026674
145,2021-05-18,568.0,596.25,563.3800048828125,577.8699951171875,577.8699951171875,36830600,TSLA,1.03997802734375,1.0539289202008928,9.783929007393974,9.724513157876217,590680100,-9998600.0,7691331.322313452,-8.08900146484375,4.434639960960631
146,2021-05-19,552.5499877929688,566.2100219726562,546.97998046875,563.4600219726562,563.4600219726562,39578400,TSLA,-14.40997314453125,1.0539289202008928,9.270714896065849,10.207896165293377,630258500,-3525290.0,8503565.366344873,-1.8900024414062502,2.7889804114933496
147,2021-05-20,575.0,588.8499755859375,571.0700073242188,586.780029296875,586.780029296875,30821100,TSLA,23.32000732421875,0.8350023542131696,9.270714896065849,8.262672836904429,599437400,2573560.0,10901110.82005866,-2.83299560546875,3.101118147958391
148,2021-05-21,596.1099853515625,596.6799926757812,580.0,580.8800048828125,580.8800048828125,26030600,TSLA,-5.9000244140625,1.1750008719308036,9.270714896065849,11.248639136159,573406800,10280400.0,8067423.6247763755,-1.9289916992187501,3.5875819951998085
149,2021-05-24,581.5999755859375,614.47998046875,573.6500244140625,606.4400024414062,606.4400024414062,34558100,TSLA,25.55999755859375,1.8771427699497767,7.990713936941964,19.02280125975861,607964900,4787190.0,10103091.493681526,1.7010009765625,2.9763045093288287
150,2021-05-25,607.3099975585938,613.989990234375,595.7100219726562,604.6900024414062,604.6900024414062,28005900,TSLA,-1.75,2.7274998256138394,7.4921417236328125,26.688801289854425,579959000,-2228210.0,7578767.94334233,7.455999755859375,3.743385694837455
151,2021-05-26,607.5599975585938,626.1699829101562,601.5,619.1300048828125,619.1300048828125,28639300,TSLA,14.44000244140625,3.1807141985212053,7.132856096540179,30.8400884225735,608598300,-9207150.0,6388407.332877786,10.211993408203126,2.763587061994851
152,2021-05-27,620.239990234375,631.1300048828125,616.2100219726562,630.8499755859375,630.8499755859375,26370600,TSLA,11.719970703125,4.063927786690848,7.132856096540179,36.295491893678765,582227700,2487400.0,5764754.413699396,8.850994873046876,2.486646563613972
153,2021-05-28,628.5,635.5900268554688,622.3800048828125,625.219970703125,625.219970703125,22737000,TSLA,-5.6300048828125,4.281426565987723,5.900713239397321,42.04839697568676,559490700,1827520.0,5974586.303524844,11.262994384765626,2.0456438840224775
154,2021-06-01,627.7999877929688,633.7999877929688,620.5499877929688,623.9000244140625,623.9000244140625,18084900,TSLA,-1.3199462890625,4.281426565987723,4.178569248744419,50.60790406695113,541405800,-9467970.0,5280785.461775549,6.371990966796876,2.004992151200793
155,2021-06-02,620.1300048828125,623.3599853515625,599.1400146484375,605.1199951171875,605.1199951171875,23302800,TSLA,-18.780029296875,4.281426565987723,3.4982125418526784,55.03374265360017,564708600,-12621400.0,5714268.34995814,4.4510009765625,2.545232719629192
156,2021-06-03,601.7999877929688,604.5499877929688,571.219970703125,572.8400268554688,572.8400268554688,30111900,TSLA,-32.27996826171875,4.281426565987723,3.6964263916015625,53.66640108244696,594820500,-12860130.0,5577683.9239329435,-3.4969970703125,2.9240393063869248
157,2021-06-04,579.7100219726562,600.6099853515625,577.2000122070312,599.0499877929688,599.0499877929688,24036900,TSLA,26.2099609375,4.281426565987723,3.9078543526785716,52.28086090231468,570783600,3040350.0,7344872.043875237,-13.611987304687501,3.646088223520921
158,2021-06-07,591.8300170898438,610.0,582.8800048828125,605.1300048828125,605.1300048828125,22543700,TSLA,6.08001708984375,5.251068115234375,3.9078543526785716,57.33281544451093,548239900,7600050.0,5551328.340577596,-10.339996337890625,5.054135039593427
159,2021-06-08,623.010009765625,623.0900268554688,595.5,603.5900268554688,603.5900268554688,26053400,TSLA,-1.53997802734375,5.413212367466518,3.4839259556361606,60.84217386404284,574293300,1974320.0,7563776.499615343,-4.361004638671875,6.231182612568214
160,2021-06-09,602.1699829101562,611.7899780273438,597.6300048828125,598.780029296875,598.780029296875,16584600,TSLA,-4.80999755859375,5.413212367466518,3.233210972377232,62.6063767028592,557708700,-2741120.0,5943756.7305647135,2.923004150390625,4.753315970975076
161,2021-06-10,603.8800048828125,616.5900268554688,600.5,610.1199951171875,610.1199951171875,23919600,TSLA,11.3399658203125,5.328210013253348,3.233210972377232,62.235112864980856,581628300,-7071390.0,5020574.247630112,5.64200439453125,3.540170918179042
162,2021-06-11,610.22998046875,612.5599975585938,601.52001953125,609.8900146484375,609.8900146484375,16205300,TSLA,-0.22998046875,5.102852957589286,3.233210972377232,61.21417734388443,565423000,3115820.0,4551850.718217079,1.57900390625,1.4548744437842955
163,2021-06-14,612.22998046875,625.489990234375,609.1799926757812,617.6900024414062,617.6900024414062,20424000,TSLA,7.79998779296875,4.671068464006696,3.233210972377232,59.09543686557252,585847000,4170120.0,4171961.813056299,1.6049987792968752,1.4583009799890807
164,2021-06-15,616.6900024414062,616.7899780273438,598.22998046875,599.3599853515625,599.3599853515625,17764100,TSLA,-18.33001708984375,3.820711408342634,3.609283447265625,51.422800184830685,568082900,3082170.0,3818379.553174357,3.93099365234375,1.315171877512223
165,2021-06-16,597.5399780273438,608.5,593.5,604.8699951171875,604.8699951171875,22144100,TSLA,5.510009765625,3.367497035435268,4.067140851702009,45.294701457637906,590227000,2496710.0,4019148.1118391245,0.872991943359375,2.8898568028538256
166,2021-06-17,601.8900146484375,621.469970703125,601.3400268554688,616.5999755859375,616.5999755859375,22701400,TSLA,11.72998046875,3.048926217215402,4.067140851702009,42.84566443355971,612928400,1985730.0,3834258.357331528,-2.1030029296875,2.171315101544492
167,2021-06-18,613.3699951171875,628.3499755859375,611.7999877929688,623.3099975585938,623.3099975585938,24560900,TSLA,6.71002197265625,3.4899989536830356,4.067140851702009,46.181479283950026,637489300,9939080.0,4034793.8391281744,0.059991455078125006,2.8383865548991145
168,2021-06-21,624.47998046875,631.3900146484375,608.8800048828125,620.8300170898438,620.8300170898438,24812700,TSLA,-2.47998046875,3.6410718645368303,3.8189283098493303,48.80793270003419,662302000,14813010.0,4785295.901080727,2.8479980468750004,3.21599238861566
169,2021-06-22,618.25,628.5700073242188,615.5,623.7100219726562,623.7100219726562,19158900,TSLA,2.8800048828125,3.655358450753348,3.101072038922991,54.10191751900129,643143100,23570050.0,357293.5862377571,6.138006591796875,1.3657792763082415
170,2021-06-23,632.0,657.2000122070312,630.0399780273438,656.5700073242188,656.5700073242188,31099200,TSLA,32.8599853515625,4.931786673409598,1.2775006975446428,79.4259691777107,674242300,15520580.0,4945162.563853017,4.191009521484375,1.4992045914683945
171,2021-06-24,674.989990234375,697.6199951171875,667.6099853515625,679.8200073242188,679.8200073242188,45982400,TSLA,23.25,6.9357147216796875,1.0607147216796875,86.73514561476489,720224700,12828160.0,4442552.692960808,8.0340087890625,3.6164139892919436
172,2021-06-25,689.5800170898438,693.8099975585938,668.7000122070312,671.8699951171875,671.8699951171875,32496700,TSLA,-7.95001220703125,6.328929356166294,1.0607147216796875,85.64592948583693,687728000,17741110.0,6321394.125684091,14.876000976562501,4.301380704402302
173,2021-06-28,671.6400146484375,694.7000122070312,670.3200073242188,688.719970703125,688.719970703125,21628200,TSLA,16.8499755859375,6.484640938895089,1.0607147216796875,85.94215078260623,666099800,12793360.0,7561516.246741345,15.818994140625001,3.8676933532374718
174,2021-06-29,684.6500244140625,687.510009765625,675.8900146484375,680.760009765625,680.760009765625,17381300,TSLA,-7.9599609375,6.802141462053571,0.8339298793247768,89.07907165814603,648718500,5939910.0,9823541.4552102,14.531988525390625,4.041004006257092
175,2021-06-30,679.77001953125,692.8099975585938,678.1400146484375,679.7000122070312,679.7000122070312,18924900,TSLA,-1.05999755859375,6.568928309849331,1.1560712541852678,85.03467547664849,667643400,-10517250.0,7691419.103275632,5.727996826171875,2.969334123406357
176,2021-07-01,683.9199829101562,687.989990234375,672.7999877929688,677.9199829101562,677.9199829101562,18634500,TSLA,-1.780029296875,6.172143118722098,1.2575007847377233,83.07454837570165,649008900,-14417210.0,5493164.396553838,0.86500244140625,2.1229005535183085
177,2021-07-02,678.97998046875,700.0,673.260009765625,678.9000244140625,678.9000244140625,27054500,TSLA,0.98004150390625,5.901785714285714,1.28607177734375,82.10771737139433,676063400,-7589460.0,3927812.5793372574,0.308001708984375,2.2058112980176854
178,2021-07-06,681.7100219726562,684.0,651.4000244140625,659.5800170898438,659.5800170898438,23284500,TSLA,-19.32000732421875,5.901785714285714,1.5649980817522322,79.04053305276285,652778900,2021760.0,4279840.723064353,-2.247991943359375,0.90382955975759
179,2021-07-07,664.27001953125,665.7000122070312,638.3200073242188,644.6500244140625,644.6500244140625,18792000,TSLA,-14.92999267578125,5.901785714285714,2.330354963030134,71.69199295328413,633986900,1654080.0,4406880.00367607,-4.315997314453125,2.0801434896493887
180,2021-07-08,628.3699951171875,654.4299926757812,620.4600219726562,652.8099975585938,652.8099975585938,22773300,TSLA,8.15997314453125,5.28607177734375,2.572141374860491,67.26811394599291,656760200,-6354300.0,4754335.795881481,-8.843994140625,2.502994932578744
181,2021-07-09,653.1799926757812,658.9099731445312,644.6900024414062,656.9500122070312,656.9500122070312,18140500,TSLA,4.1400146484375,5.066785539899554,2.572141374860491,66.32849870718671,638619700,-2657390.0,5323934.91987208,-8.4469970703125,2.670163599023478
182,2021-07-12,662.2000122070312,687.239990234375,662.1599731445312,685.7000122070312,685.7000122070312,25927000,TSLA,28.75,6.090356009347098,2.572141374860491,70.30716130951213,664546700,-7090610.0,4481103.443821995,-5.06700439453125,3.5923626372790305
183,2021-07-13,686.3200073242188,693.280029296875,666.2999877929688,668.5399780273438,668.5399780273438,20966100,TSLA,-17.1600341796875,6.489996773856027,2.572141374860491,71.61661704280257,643580600,2816840.0,4356702.692143834,6.453997802734375,4.245496577603256
184,2021-07-14,670.75,678.6099853515625,652.8400268554688,653.3800048828125,653.3800048828125,21641200,TSLA,-15.15997314453125,5.213568551199777,3.7264273507254466,58.317348334321245,665221800,2697390.0,4398512.801341684,8.0669921875,3.484795303782788
185,2021-07-15,658.3900146484375,666.1400146484375,637.8800048828125,650.5999755859375,650.5999755859375,20209600,TSLA,-2.780029296875,3.2096405029296875,4.3671417236328125,42.361525076930505,645012200,2188410.0,4249248.691000171,1.2729980468750002,5.038606268690278
186,2021-07-16,654.6799926757812,656.7000122070312,642.2000122070312,644.219970703125,644.219970703125,16371000,TSLA,-6.3800048828125,2.663212367466518,4.694285801478794,36.19725491346314,628641200,1346010.0,4513104.799798767,-4.5020080566406255,4.568743920391496
187,2021-07-19,629.8900146484375,647.2000122070312,621.2899780273438,646.219970703125,646.219970703125,21297100,TSLA,2.0,2.3453565325055803,4.850714547293527,32.592181295839225,649938300,-7037940.0,3951674.172988794,-10.090008544921876,1.7827187469023145
188,2021-07-20,651.989990234375,662.3900146484375,640.5,660.5,660.5,15487100,TSLA,14.280029296875,2.609285627092634,4.850714547293527,34.97701831229966,634451200,-2386520.0,4600883.482926586,-5.3800048828125,1.6347907372433093
189,2021-07-21,659.6099853515625,664.8599853515625,650.2899780273438,655.2899780273438,655.2899780273438,13953300,TSLA,-5.21002197265625,2.9332144601004466,4.528573172433036,39.30980891645317,620497900,-5661510.0,4045847.5083761294,0.98599853515625,2.2742669625251457
190,2021-07-22,656.4400024414062,662.1699829101562,644.5999755859375,649.260009765625,649.260009765625,15105700,TSLA,-6.02996826171875,2.9332144601004466,4.828571864536831,37.79045618390585,635603600,-4321860.0,3583067.528882666,2.56600341796875,1.9245602942458546
191,2021-07-23,646.3599853515625,648.7999877929688,637.2999877929688,643.3800048828125,643.3800048828125,14604900,TSLA,-5.8800048828125,2.9332144601004466,5.2253570556640625,35.95254946816,620998700,-1551560.0,3845360.6828488796,1.915008544921875,2.1892035952296425
192,2021-07-26,650.969970703125,668.2000122070312,647.1099853515625,657.6199951171875,657.6199951171875,25336600,TSLA,14.239990234375,3.231785365513393,4.5703582763671875,41.42176193944596,646335300,-5672680.0,3010354.366449239,-1.6919921875000001,2.3376740748225613
193,2021-07-27,663.4000244140625,666.5,627.239990234375,644.780029296875,644.780029296875,32813300,TSLA,-12.8399658203125,3.2817862374441966,3.347143990652902,49.507026390686065,679148600,2426900.0,3732873.795134253,-1.766998291015625,2.29439071635505
194,2021-07-28,647.0,654.969970703125,639.4000244140625,646.97998046875,646.97998046875,16006600,TSLA,2.199951171875,3.2817862374441966,3.485358101981027,48.4958805788224,663142000,12803310.0,4805814.405443334,-1.2659912109375,2.1727025294024433
195,2021-07-29,649.7899780273438,683.6900024414062,648.7999877929688,677.3499755859375,677.3499755859375,30394600,TSLA,30.3699951171875,4.005713326590402,3.485358101981027,53.47316955639153,693536600,11322670.0,5156006.957465567,-0.31600341796875003,2.0418150368167307
196,2021-07-30,671.760009765625,697.530029296875,669.0,687.2000122070312,687.2000122070312,29600500,TSLA,9.85003662109375,4.267499651227679,3.485358101981027,55.044214495764116,663936100,16188250.0,4421451.479574704,5.729992675781251,3.9877645148899346
197,2021-08-02,700.0,726.9400024414062,698.4000244140625,709.6699829101562,709.6699829101562,33615800,TSLA,22.469970703125,5.0078582763671875,3.485358101981027,58.96303653741518,697551900,4958960.0,5866664.207230545,9.172998046875,4.349127445309818
198,2021-08-03,719.0,722.6500244140625,701.010009765625,709.739990234375,709.739990234375,21620300,TSLA,0.07000732421875,5.812857491629464,2.3310721261160716,71.3765683701798,675931600,3760070.0,5451152.074204131,16.999993896484376,2.2246231639854472
199,2021-08-04,711.0,724.9000244140625,708.9299926757812,710.9199829101562,710.9199829101562,17002600,TSLA,1.17999267578125,5.857500348772321,1.6903577532087053,77.60480217871279,658929000,2959450.0,5643733.891869224,15.784002685546875,2.775824186509873
200,2021-08-05,716.0,720.9500122070312,711.4099731445312,714.6300048828125,714.6300048828125,12919600,TSLA,3.71002197265625,6.032143729073661,1.3632136753627233,81.56662888875461,646009400,-5721970.0,5360426.890099333,8.967999267578126,2.4151756032144367
201,2021-08-06,711.9000244140625,716.3300170898438,697.6300048828125,699.0999755859375,699.0999755859375,15576200,TSLA,-15.530029296875,6.032143729073661,1.6289280482700892,78.7375957880025,661585600,-7447630.0,5665174.094915354,5.61099853515625,2.336756414570957
202,2021-08-09,710.1699829101562,719.030029296875,705.1300048828125,713.760009765625,713.760009765625,14715300,TSLA,14.6600341796875,5.450714111328125,1.6599993024553572,76.6549542098322,646870300,-10185480.0,4106089.33713495,-1.625,1.8956726293824808
203,2021-08-10,713.989990234375,716.5900268554688,701.8800048828125,709.989990234375,709.989990234375,13432300,TSLA,-3.77001953125,5.515714372907366,1.6599993024553572,76.86642224654474,633438000,-5546600.0,3136707.1885869955,-0.377996826171875,2.25968863199471
204,2021-08-11,712.7100219726562,715.1799926757812,704.2100219726562,707.8200073242188,707.8200073242188,9800600,TSLA,-2.16998291015625,5.515714372907366,1.4707140241350447,78.9489859402603,623637400,-5012110.0,2948183.574287734,-0.272998046875,2.265497126138581
205,2021-08-12,706.3400268554688,722.7999877929688,699.4000244140625,722.25,722.25,17459100,TSLA,14.42999267578125,5.953571864536831,1.0453578404017858,85.06403286685169,641096500,-7289160.0,3173276.299641533,-0.272998046875,2.265497126138581
206,2021-08-13,723.7100219726562,729.9000244140625,714.3400268554688,717.1699829101562,717.1699829101562,16698900,TSLA,-5.08001708984375,5.988928658621652,1.0453578404017858,85.13910628253609,624397600,-6421110.0,3669895.101003116,4.0360046386718755,2.026199886928663
207,2021-08-16,705.0700073242188,709.5,676.4000244140625,686.1699829101562,686.1699829101562,22677400,TSLA,-31.0,5.938927786690848,2.333929879324777,71.78810547034536,647075000,-3728690.0,3037632.22971994,1.9079956054687501,1.7873713130244615
208,2021-08-17,672.6599731445312,674.5800170898438,648.8400268554688,665.7100219726562,665.7100219726562,23721300,TSLA,-20.4599609375,5.938927786690848,3.791785103934152,61.03281284162309,670796300,2803420.0,3379370.9116540216,-3.82900390625,4.541543540381076
209,2021-08-18,669.75,695.77001953125,669.3499755859375,688.989990234375,688.989990234375,20349400,TSLA,23.27996826171875,4.876429966517857,3.791785103934152,56.25644872541877,650446900,10029630.0,4062417.0741197914,-12.029998779296875,5.068634613941517
210,2021-08-19,678.2100219726562,686.5499877929688,667.5900268554688,673.469970703125,673.469970703125,14313500,TSLA,-15.52001953125,3.7171412876674106,3.791785103934152,49.50296612076111,636133400,6509950.0,4829747.474513204,-11.797998046875001,5.1914626122192855
211,2021-08-20,682.8499755859375,692.1300048828125,673.7000122070312,680.260009765625,680.260009765625,14781800,TSLA,6.7900390625,2.5628553118024553,4.103570120675223,38.444220786100225,650915200,2684350.0,6130465.730722803,-8.458001708984375,5.270634670245823
212,2021-08-23,685.4400024414062,712.1300048828125,680.75,706.2999877929688,706.2999877929688,20264900,TSLA,26.03997802734375,2.930356706891741,4.103570120675223,41.66032400859296,671180100,-2698250.0,4304244.361971875,-0.40599975585937503,3.4560119718732576
213,2021-08-24,710.6799926757812,715.219970703125,702.6400146484375,708.489990234375,708.489990234375,13083100,TSLA,2.19000244140625,3.893927437918527,4.103570120675223,48.689323246298315,658097000,123590.0,5478842.070812044,7.2449951171875,3.87783287692167
214,2021-08-25,707.030029296875,716.969970703125,704.0,711.2000122070312,711.2000122070312,12645600,TSLA,2.71002197265625,3.894284929547991,4.103570120675223,48.69161675341071,645451400,5034690.0,3641121.1419332554,7.183001708984375,3.8706749517646957
215,2021-08-26,708.3099975585938,715.4000244140625,697.6199951171875,701.1599731445312,701.1599731445312,13214300,TSLA,-10.0400390625,3.894284929547991,3.943213326590402,49.68785704670435,658665700,2581780.0,4595548.922613417,10.369006347656251,2.403475807530111
216,2021-08-27,705.0,715.0,702.0999755859375,711.9199829101562,711.9199829101562,13762100,TSLA,10.760009765625,3.9199981689453125,3.912142072405134,50.050152935839314,672427800,-1022770.0,3487559.720391896,4.6699951171875,3.6476143875696594
217,2021-08-30,714.719970703125,731.0,712.72998046875,730.9099731445312,730.9099731445312,18604200,TSLA,18.989990234375,4.593569074358259,3.912142072405134,54.00570269901784,691032000,306410.0,4036460.3661252516,0.390997314453125,1.56865817902113
218,2021-08-31,733.0,740.3900146484375,726.4400024414062,735.719970703125,735.719970703125,20855400,TSLA,4.80999755859375,5.443568638392857,3.6999991280691966,59.53440470315618,711887400,9284640.0,3369587.1990101896,4.5559936523437505,3.0429188691924605
219,2021-09-01,734.0800170898438,741.989990234375,731.27001953125,734.0900268554688,734.0900268554688,13204300,TSLA,-1.62994384765625,5.119284493582589,3.6999991280691966,58.04648895761202,698683100,16523830.0,998249.4755487448,7.8789916992187505,2.747768941216456
220,2021-09-02,734.5,740.969970703125,730.5399780273438,732.3900146484375,732.3900146484375,12777300,TSLA,-1.70001220703125,4.785356794084821,3.8189261300223216,55.61598608847922,685905800,11949440.0,3456217.8334319904,8.966009521484375,2.1827068416578532
221,2021-09-03,732.25,734.0,724.2000122070312,733.5700073242188,733.5700073242188,15246100,TSLA,1.17999267578125,4.785356794084821,2.548926217215402,65.24641586248896,701151900,3460710.0,4971766.490785745,4.4120117187500005,2.471672217183082
222,2021-09-07,740.0,760.2000122070312,739.260009765625,752.9199829101562,752.9199829101562,20039800,TSLA,19.3499755859375,5.5185699462890625,0.7110704694475446,88.58568999181206,721191700,-574180.0,3625961.1879150975,0.19901123046875002,0.6504119753459661
223,2021-09-08,761.5800170898438,764.4500122070312,740.77001953125,753.8699951171875,753.8699951171875,18793000,TSLA,0.95001220703125,6.142854963030134,0.7110704694475446,89.6253544563222,702398700,2107740.0,4749886.294189928,3.38800048828125,2.443088158939389
224,2021-09-09,753.4099731445312,762.0999755859375,751.6300048828125,754.8599853515625,754.8599853515625,14077700,TSLA,0.989990234375,5.934999738420759,0.7110704694475446,89.30088838655803,688321000,4271710.0,3901538.8481597872,6.008990478515625,2.025259894388787
225,2021-09-10,759.5999755859375,762.6099853515625,734.52001953125,736.27001953125,736.27001953125,15114300,TSLA,-18.5899658203125,5.934999738420759,1.0278560093470983,85.23801085960157,703435300,607720.0,5122852.434220607,6.523992919921875,1.8374935468836928
226,2021-09-13,740.2100219726562,744.780029296875,708.8499755859375,743.0,743.0,22952500,TSLA,6.72998046875,4.762499128069196,1.4514269147600447,76.64235292219216,726387800,-2830390.0,3957344.5447126115,0.7340026855468751,3.79327453655342
227,2021-09-14,742.5700073242188,754.469970703125,736.4000244140625,744.489990234375,744.489990234375,18524900,TSLA,1.489990234375,4.047855922154018,1.4514269147600447,73.60697825874115,707862900,1142880.0,5591489.907338354,-3.7439941406250004,2.065354855479674
228,2021-09-15,745.0,756.8599853515625,738.3599853515625,755.8300170898438,755.8300170898438,15357700,TSLA,11.34002685546875,4.3310699462890625,1.4514269147600447,74.89965062433748,692505200,4899520.0,4125795.087931537,-3.06199951171875,2.2464074475918308
229,2021-09-16,752.8300170898438,758.9099731445312,747.6099853515625,756.989990234375,756.989990234375,13923400,TSLA,1.15997314453125,4.777498517717634,1.1896405901227678,80.06346812730303,678581800,1279600.0,5408633.431875375,1.01600341796875,2.982158472478586
230,2021-09-17,757.1500244140625,761.0399780273438,750.0,759.489990234375,759.489990234375,28204200,TSLA,2.5,4.882498604910714,1.1896405901227678,80.4082127910408,706786000,-8358960.0,4361721.987946197,5.4269958496093755,0.8201545841184734
231,2021-09-20,734.5599975585938,742.0,718.6199951171875,730.1699829101562,730.1699829101562,24757700,TSLA,-29.32000732421875,3.8199986049107144,2.147497994559152,64.01341904828351,682028300,-6848470.0,5230328.433865314,4.5479980468750005,0.9348506211883679
232,2021-09-21,734.7899780273438,744.739990234375,730.4400024414062,739.3800048828125,739.3800048828125,16330700,TSLA,9.21002197265625,2.969999040876116,2.8657117571149553,50.893526833072855,665697600,-3738840.0,4465234.991188407,-2.498004150390625,4.212134454692249
233,2021-09-22,743.530029296875,753.6699829101562,739.1199951171875,751.9400024414062,751.9400024414062,15126300,TSLA,12.55999755859375,3.6339263916015625,2.8657117571149553,55.90967233028431,650571300,-5016870.0,4836676.471569433,-5.972003173828125,3.2094790059455387
234,2021-09-23,755.0,758.2000122070312,747.9199829101562,753.6400146484375,753.6400146484375,11947500,TSLA,1.70001220703125,4.143212454659598,2.7467847551618303,60.13373196659074,638623800,-9710940.0,5156976.232069848,-3.02099609375,4.197177093830141
235,2021-09-24,745.8900146484375,774.7999877929688,744.5599975585938,774.3900146484375,774.3900146484375,21373000,TSLA,20.75,4.944998604910714,2.728212629045759,64.44496905060393,659996800,-16778140.0,1358437.3913189066,1.0070068359375,4.303632446818619
236,2021-09-27,773.1199951171875,799.0,769.3099975585938,791.3599853515625,791.3599853515625,28070700,TSLA,16.969970703125,5.558927263532366,2.728212629045759,67.0789601188087,688067500,-7113680.0,4303512.302867663,10.270007324218751,1.4505564919705254
237,2021-09-28,787.2000122070312,795.6400146484375,766.1799926757812,777.5599975585938,777.5599975585938,25381400,TSLA,-13.79998779296875,4.947141374860491,2.728212629045759,64.45489514024658,662686100,5416530.0,5974815.98090686,12.640997314453125,1.8278341519482941
238,2021-09-29,779.7999877929688,793.5,770.6799926757812,781.3099975585938,781.3099975585938,20942900,TSLA,3.75,4.877855573381696,3.0871407645089284,61.24115274450336,641743200,7367330.0,5157731.744643182,8.89599609375,3.340925619953581
239,2021-09-30,781.0,789.1300048828125,775.0,775.47998046875,775.47998046875,17956000,TSLA,-5.83001708984375,4.877855573381696,2.5328565325055803,65.82168492966542,623787200,892810.0,7214571.271316127,5.850994873046876,3.7690533336736247
240,2021-10-01,778.4000244140625,780.780029296875,763.5900268554688,775.219970703125,775.219970703125,17031400,TSLA,-0.260009765625,4.877855573381696,2.326786586216518,67.704342080103,606755800,-11874350.0,5529181.255927499,-0.7870056152343751,2.4659393579004254
241,2021-10-04,796.5,806.969970703125,776.1199951171875,781.530029296875,781.530029296875,30483300,TSLA,6.31005859375,4.800358363560268,2.326786586216518,67.3531743410187,637239100,-20152230.0,981901.839000884,-3.436004638671875,1.4348518623441684
242,2021-10-05,784.7999877929688,797.3099975585938,774.2000122070312,780.5900268554688,780.5900268554688,18432600,TSLA,-0.94000244140625,4.533931187220982,2.326786586216518,66.08537673382966,618806500,-8588140.0,5777396.821960562,0.18500366210937502,1.1121391001823187
243,2021-10-06,776.2000122070312,786.6599731445312,773.219970703125,782.75,782.75,14632800,TSLA,2.15997314453125,4.131072998046875,2.326786586216518,63.96969373743484,604173700,-3242150.0,4814824.089230398,0.46101074218750004,1.135308974179464
244,2021-10-07,785.4600219726562,805.0,783.3800048828125,793.6099853515625,793.6099853515625,19195800,TSLA,10.8599853515625,4.465358189174107,2.326786586216518,65.7429771719979,623369500,-2717630.0,4647265.68999808,1.991009521484375,0.5763309758991333
245,2021-10-08,796.2100219726562,796.3800048828125,780.9099731445312,785.489990234375,785.489990234375,16711100,TSLA,-8.1199951171875,4.563214983258929,1.368929181780134,76.92353483504527,606658400,16200.0,4889434.774449905,3.8000000000000003,1.1014223500189537
246,2021-10-11,787.6500244140625,801.239990234375,785.5,791.9400024414062,791.9400024414062,14200300,TSLA,6.45001220703125,4.563214983258929,0.710357666015625,86.52985910579342,592458100,-5659840.0,3647251.4479445117,2.093988037109375,1.4929051329576062
247,2021-10-12,800.9299926757812,812.3200073242188,796.5700073242188,805.719970703125,805.719970703125,22020000,TSLA,13.77996826171875,4.508213588169643,0.710357666015625,86.38788987606672,614478100,-5021210.0,3429731.39488114,2.543994140625,1.4688995315139226
248,2021-10-13,810.469970703125,815.4099731445312,805.780029296875,811.0800170898438,811.0800170898438,14120100,TSLA,5.36004638671875,4.682499476841518,0.710357666015625,86.82780486858444,600358000,-1030260.0,4184515.715810692,4.4269958496093755,2.0227458499811917
249,2021-10-14,815.489990234375,820.25,813.3499755859375,818.3200073242188,818.3200073242188,12247200,TSLA,7.239990234375,4.330714634486607,0.710357666015625,85.90859992337636,588110800,-3820330.0,3797168.143318562,5.51700439453125,2.143784921294958
250,2021-10-15,823.739990234375,843.2100219726562,822.3499755859375,843.030029296875,843.030029296875,18818000,TSLA,24.71002197265625,4.124644688197544,0.710357666015625,85.30801819782721,606928800,-2919530.0,3493914.177056061,8.4800048828125,0.730437976202523
251,2021-10-18,851.7899780273438,875.260009765625,851.469970703125,870.1099853515625,870.1099853515625,24207200,TSLA,27.0799560546875,5.861073085239956,0.710357666015625,89.19021301594178,631136000,257410.0,3891157.5901052034,11.478009033203126,1.8945994059143747
252,2021-10-19,877.530029296875,877.9500122070312,862.510009765625,864.27001953125,864.27001953125,17381100,TSLA,-5.8399658203125,6.6196441650390625,0.35142953055245535,94.95874601390747,613754900,3988660.0,5394655.974066681,16.073004150390627,3.0467482987392116
253,2021-10-20,865.3499755859375,869.489990234375,857.3800048828125,865.7999877929688,865.7999877929688,14032100,TSLA,1.52996826171875,6.6196441650390625,0.43107169015066965,93.8861287420429,599722800,6981900.0,4227037.408319607,15.816998291015626,3.1631414153979374
254,2021-10-21,856.0,900.0,855.5,894.0,894.0,31481500,TSLA,28.20001220703125,7.681429181780134,0.21357073102678573,97.29486088175453,631204300,3005010.0,5607460.104631448,11.6199951171875,4.2152731414396625
255,2021-10-22,895.5,910.0,890.9600219726562,909.6799926757812,909.6799926757812,22880800,TSLA,15.67999267578125,9.032499040876116,0.21357073102678573,97.69014579929099,608323500,1713780.0,5104456.27809009,9.762994384765626,3.5023177756965866
256,2021-10-25,950.530029296875,1045.02001953125,944.2000122070312,1024.8599853515625,1024.8599853515625,62852100,TSLA,115.17999267578125,13.5142822265625,0.21357073102678573,98.44425248662999,671175600,-2817560.0,4852383.44391702,10.88699951171875,3.8102471754613303
257,2021-10-26,1024.68994140625,1094.93994140625,1001.4400024414062,1018.4299926757812,1018.4299926757812,62415000,TSLA,-6.42999267578125,17.354640415736608,0.21357073102678573,98.78433422024227,608760600,12344210.0,7506097.111164585,36.505993652343754,11.764478650330158
258,2021-10-27,1039.6600341796875,1070.8800048828125,1030.780029296875,1037.8599853515625,1037.8599853515625,38526500,TSLA,19.42999267578125,17.353927612304688,0.21357073102678573,98.78428489445194,570234100,5804690.0,10012886.795676526,43.61199951171875,9.730957709898199
259,2021-10-28,1068.31005859375,1081.0,1054.199951171875,1077.0400390625,1077.0400390625,27213200,TSLA,39.1800537109375,19.349286760602677,0.21357073102678573,98.90828458409939,543020900,-12150330.0,11527151.890874866,39.6469970703125,10.666292927051382
260,2021-10-29,1081.8599853515625,1115.2099609375,1073.2099609375,1114.0,1114.0,29918400,TSLA,36.9599609375,22.068572998046875,0.15392848423549108,99.30733052551165,572939300,-23154670.0,11522116.628876543,34.77200927734375,10.757539673875288
261,2021-11-01,1145.0,1209.75,1118.6600341796875,1208.5899658203125,1208.5899658203125,56048700,TSLA,94.5899658203125,26.044285365513392,0.15392848423549108,99.41244664572059,628988000,-26221230.0,9836436.75092934,23.689007568359376,5.456064912043235
262,2021-11-02,1159.3599853515625,1208.5899658203125,1146.0,1172.0,1172.0,42737800,TSLA,-36.5899658203125,27.432141985212052,0.15392848423549108,99.44200648509917,586250200,4316000.0,12163806.049626628,45.64599609375,7.7584552226473225
263,2021-11-03,1177.3299560546875,1215.3900146484375,1152.6199951171875,1213.8599853515625,1213.8599853515625,34628500,TSLA,41.8599853515625,27.170355660574778,0.15392848423549108,99.43666050528637,551621700,11799930.0,9235394.55365606,39.98299560546875,10.28965651425766
264,2021-11-04,1234.4100341796875,1243.489990234375,1217.0,1229.9100341796875,1229.9100341796875,25397400,TSLA,16.050048828125,28.097499302455358,0.15392848423549108,99.45514794721983,526224300,3051250.0,12260224.736660961,33.1639892578125,10.588717277741832
265,2021-11-05,1228.0,1239.8699951171875,1208.0,1222.0899658203125,1222.0899658203125,21579900,TSLA,-7.820068359375,26.541785103934153,0.15392848423549108,99.42339625525611,504644400,-17079630.0,10062932.525016421,23.7090087890625,9.932149133998127
266,2021-11-08,1149.7900390625,1197.0,1133.0,1162.93994140625,1162.93994140625,33445700,TSLA,-59.1500244140625,25.783214024135045,2.545717511858259,91.01371857733568,538090100,-30871310.0,2531427.48942832,8.49100341796875,6.531902372455845
267,2021-11-09,1173.5999755859375,1174.5,1011.52001953125,1023.5,1023.5,59105800,TSLA,-139.43994140625,25.783214024135045,9.484287806919642,73.10757123554387,597195900,-14329750.0,7427049.543542396,-0.989013671875,11.138842570774921
268,2021-11-10,1010.4099731445312,1078.0999755859375,987.3099975585938,1067.949951171875,1067.949951171875,42802700,TSLA,44.449951171875,24.721429007393972,12.876787458147321,65.75160029213387,554393200,10301420.0,11143725.211980656,-44.76900634765625,17.97653308323196
269,2021-11-11,1102.77001953125,1104.969970703125,1054.6800537109375,1063.510009765625,1063.510009765625,22396600,TSLA,-4.43994140625,24.583214896065847,12.876787458147321,65.62523585453258,531996600,14888930.0,9346524.592201816,-52.251013183593756,15.05813982522095
270,2021-11-12,1047.5,1054.5,1019.2000122070312,1033.4200439453125,1033.4200439453125,25182300,TSLA,-30.0899658203125,19.909643990652903,14.109998430524554,58.52396607866465,557178900,7100750.0,11766475.927746307,-41.214990234375,18.047879731485683
271,2021-11-15,1017.6300048828125,1031.97998046875,978.5999755859375,1013.3900146484375,1013.3900146484375,34775600,TSLA,-20.030029296875,16.02571541922433,15.899998256138392,50.196890137467705,591954500,-2702170.0,9173734.15122944,-21.902978515625,15.69155339325325
272,2021-11-16,1003.3099975585938,1057.199951171875,1002.1799926757812,1054.72998046875,1054.72998046875,26542400,TSLA,41.3399658203125,16.322498866489955,15.899998256138392,50.655598802202796,565412100,-769710.0,10013620.447948217,-5.474987792968751,8.280853346972963
273,2021-11-17,1063.510009765625,1119.6400146484375,1055.5,1089.010009765625,1089.010009765625,31445400,TSLA,34.280029296875,16.929997035435267,15.899998256138392,51.568685542213956,596857500,8199570.0,6328406.014690166,-7.65599365234375,7.06714795926534
274,2021-11-18,1106.550048828125,1112.0,1075.02001953125,1096.3800048828125,1096.3800048828125,20898900,TSLA,7.3699951171875,15.698211669921875,15.899998256138392,49.68069933915767,575958600,13795500.0,5541185.075258421,7.23099365234375,9.68794853425962
275,2021-11-19,1098.8699951171875,1138.719970703125,1092.699951171875,1137.06005859375,1137.06005859375,21168000,TSLA,40.6800537109375,12.716073172433036,15.899998256138392,44.43682356669267,597126600,4246240.0,5670909.244533308,20.15399169921875,5.70334642338831
